﻿Time,Log Level, Log Message, Source
15:35:54,Info,Initializing all applications,Initialize
15:35:56,Info,Connected to database ACCDB,Execute Query
15:35:56,Info,Executed Query SELECT * FROM TBL_APPLICATIONS,Execute Query
15:35:56,Info,Got server list from database ,Main
15:36:17,Info,Maapping drive Successful,MapDrive
15:36:17,Info,it207rvw.omnitel.it mapped successfully,Main
15:38:28,Info,847 files found for processing,Main
15:38:28,Info,Processing File - \\it207rvw.omnitel.it\ACC\ACC_OUTPUT\HealthCheckResult_2020-12-23-10-20-48.csv,Main
15:38:29,Info,Daily_Monitoring incorrect value,VerifyData
15:38:30,Info,URL_Monitoring incorrect value,VerifyData