﻿Time,Log Level, Log Message, Source
15:51:13,Info,Initializing all applications,Initialize
15:51:14,Info,Connected to database ACCDB,Execute Query
15:51:14,Info,Executed Query SELECT * FROM TBL_APPLICATIONS,Execute Query
15:51:14,Info,Got server list from database ,Main
15:51:14,Info,it207rvw.omnitel.it already mapped,Main
15:51:15,Info,5 files found for processing,Main
15:51:15,Info,Processing File - \\it207rvw.omnitel.it\ACC\ACC_OUTPUT\HealthCheckResult_2020-12-22-04-20-56.csv,Main
15:51:16,Info,All Parameters are correct ,Main
15:51:16,Info,Connected to database ACCDB,Execute Non-Query
15:51:16,Info,Executed Query INSERT INTO TBL_HEALTHCHECK_PARAMS  (APPLICATION_MONITORING,BACKUP_MONITORING,BATCH_JOBS_MONITORING,DAILY_MONITORING,DATABASE_MONITORING,HEALTH_MONITORING,JOB_MONITORING,LOG_MONITORING,MESSAGE_MONITORING,PROCESS_MONITORING,QUEUE_MONITORING,SCHEDULER_MONITORING,SPACE_MONITORING,SYSTEM_MONITORING,TICKET_MONITORING,URL_MONITORING,WORKFLOW_MONITORING,FTP_MONITORING,CPU_MONITORING,MEMORY_MONITORING,SPACE_UTILIZATION_MONITORING) VALUES ('Y','X','X','X','Y','Y','X','Y','X','Y','X','X','Y','Y','X','Y','X','X','1','59.3','69.85');,Execute Non-Query
15:51:16,Info,First Query Executed ,Main
15:51:16,Info,Connected to database ACCDB,Execute Non-Query
15:51:17,Info,Executed Query INSERT INTO TBL_HEALTHCHECK (PARAM_ID,APPLICATION,SERVER,OUTPUT_FILENAME,OUTPUT_FILEPATH,STATUS,ERROR_DATA)VALUES ((SELECT MAX(ID) from TBL_HEALTHCHECK_PARAMS),'CRP_PRE_COMM','it207rvw.omnitel.it','T\HealthCheckResult_2020-12-22-04-20-56.csv','\\it207rvw.omnitel.it\ACC\ACC_OUTPUT\','y',' ');,Execute Non-Query
15:51:17,Info,Executing Second Query ,Main
15:51:21,Info,Moved \\it207rvw.omnitel.it\ACC\ACC_OUTPUT\HealthCheckResult_2020-12-22-04-20-56.csv to Processed files,Main
15:51:21,Info,Processing File - \\it207rvw.omnitel.it\ACC\ACC_OUTPUT\HealthCheckResult_2020-12-22-06-20-48.csv,Main
15:51:22,Info,Memory_Monitoring incorrect value,VerifyData
15:51:22,Info,Space_Utilization_Monitoring incorrect value,VerifyData
15:51:23,Exception,Issue in sending mail for Incorrect ParametersObject reference not set to an instance of an object.,Main
15:51:23,Info,Connected to database ACCDB,Execute Non-Query
15:51:23,Info,Executed Query INSERT INTO TBL_HEALTHCHECK_PARAMS  (APPLICATION_MONITORING,BACKUP_MONITORING,BATCH_JOBS_MONITORING,DAILY_MONITORING,DATABASE_MONITORING,HEALTH_MONITORING,JOB_MONITORING,LOG_MONITORING,MESSAGE_MONITORING,PROCESS_MONITORING,QUEUE_MONITORING,SCHEDULER_MONITORING,SPACE_MONITORING,SYSTEM_MONITORING,TICKET_MONITORING,URL_MONITORING,WORKFLOW_MONITORING,FTP_MONITORING,CPU_MONITORING,MEMORY_MONITORING,SPACE_UTILIZATION_MONITORING) VALUES ('Y','X','X','Y','Y','Y','X','Y','X','Y','X','X','Y','Y','X','Y','X','X','0.75','77.8','78.2');,Execute Non-Query
15:51:23,Info,First Query Executed ,Main
15:51:23,Info,Connected to database ACCDB,Execute Non-Query
15:51:24,Info,Executed Query INSERT INTO TBL_HEALTHCHECK (PARAM_ID,APPLICATION,SERVER,OUTPUT_FILENAME,OUTPUT_FILEPATH,STATUS,ERROR_DATA)VALUES ((SELECT MAX(ID) from TBL_HEALTHCHECK_PARAMS),'CRP_PRE_COMM','it207rvw.omnitel.it','T\HealthCheckResult_2020-12-22-06-20-48.csv','\\it207rvw.omnitel.it\ACC\ACC_OUTPUT\','n','SMTP Connectivity failed, please check the configurations');,Execute Non-Query
15:51:24,Info,Executing Second Query ,Main
15:51:28,Info,Moved \\it207rvw.omnitel.it\ACC\ACC_OUTPUT\HealthCheckResult_2020-12-22-06-20-48.csv to Processed files,Main
15:51:28,Info,Processing File - \\it207rvw.omnitel.it\ACC\ACC_OUTPUT\HealthCheckResult_2020-12-22-07-27-53.csv,Main
15:51:29,Info,Application_Monitoring incorrect value,VerifyData
15:51:29,Info,Backup_Monitoring incorrect value,VerifyData
15:51:29,Info,Batch_jobs_Monitoring incorrect value,VerifyData
15:51:29,Info,Database_Monitoring incorrect value,VerifyData
15:51:30,Info,Job_Monitoring incorrect value,VerifyData
15:51:30,Info,Log_Monitoring incorrect value,VerifyData
15:51:30,Exception,Issue in sending mail for Incorrect ParametersObject reference not set to an instance of an object.,Main
15:51:30,Info,Connected to database ACCDB,Execute Non-Query
15:51:30,Info,Executed Query INSERT INTO TBL_HEALTHCHECK_PARAMS  (APPLICATION_MONITORING,BACKUP_MONITORING,BATCH_JOBS_MONITORING,DAILY_MONITORING,DATABASE_MONITORING,HEALTH_MONITORING,JOB_MONITORING,LOG_MONITORING,MESSAGE_MONITORING,PROCESS_MONITORING,QUEUE_MONITORING,SCHEDULER_MONITORING,SPACE_MONITORING,SYSTEM_MONITORING,TICKET_MONITORING,URL_MONITORING,WORKFLOW_MONITORING,FTP_MONITORING,CPU_MONITORING,MEMORY_MONITORING,SPACE_UTILIZATION_MONITORING) VALUES ('N','N','N','Y','N','Y','N','N','X','Y','X','X','Y','Y','X','X','X','X','0.76','50.8','69.84');,Execute Non-Query
15:51:30,Info,First Query Executed ,Main
15:51:30,Info,Connected to database ACCDB,Execute Non-Query
15:51:31,Info,Executed Query INSERT INTO TBL_HEALTHCHECK (PARAM_ID,APPLICATION,SERVER,OUTPUT_FILENAME,OUTPUT_FILEPATH,STATUS,ERROR_DATA)VALUES ((SELECT MAX(ID) from TBL_HEALTHCHECK_PARAMS),'CRP_PRE_COMM','it207rvw.omnitel.it','T\HealthCheckResult_2020-12-22-07-27-53.csv','\\it207rvw.omnitel.it\ACC\ACC_OUTPUT\','n','SMTP Connectivity failed, please check the configurations');,Execute Non-Query
15:51:31,Info,Executing Second Query ,Main
15:51:33,Info,Moved \\it207rvw.omnitel.it\ACC\ACC_OUTPUT\HealthCheckResult_2020-12-22-07-27-53.csv to Processed files,Main
15:51:33,Info,Processing File - \\it207rvw.omnitel.it\ACC\ACC_OUTPUT\HealthCheckResult_2020-12-22-08-20-47.csv,Main
15:51:34,Info,Health_Monitoring incorrect value,VerifyData
15:51:34,Info,Message_Monitoring incorrect value,VerifyData
15:51:34,Info,Queue_Monitoring incorrect value,VerifyData
15:51:34,Info,Space_Monitoring incorrect value,VerifyData
15:51:34,Info,URL_Monitoring incorrect value,VerifyData
15:51:34,Info,Workflow_Monitoring incorrect value,VerifyData
15:51:35,Info,Memory_Monitoring incorrect value,VerifyData
15:51:35,Exception,Issue in sending mail for Incorrect ParametersObject reference not set to an instance of an object.,Main
15:51:35,Info,Connected to database ACCDB,Execute Non-Query
15:51:35,Info,Executed Query INSERT INTO TBL_HEALTHCHECK_PARAMS  (APPLICATION_MONITORING,BACKUP_MONITORING,BATCH_JOBS_MONITORING,DAILY_MONITORING,DATABASE_MONITORING,HEALTH_MONITORING,JOB_MONITORING,LOG_MONITORING,MESSAGE_MONITORING,PROCESS_MONITORING,QUEUE_MONITORING,SCHEDULER_MONITORING,SPACE_MONITORING,SYSTEM_MONITORING,TICKET_MONITORING,URL_MONITORING,WORKFLOW_MONITORING,FTP_MONITORING,CPU_MONITORING,MEMORY_MONITORING,SPACE_UTILIZATION_MONITORING) VALUES ('Y','X','X','Y','Y','N','X','Y','N','Y','N','X','N','Y','X','N','N','X','0.75','77.8','74.6');,Execute Non-Query
15:51:35,Info,First Query Executed ,Main
15:51:35,Info,Connected to database ACCDB,Execute Non-Query
15:51:36,Info,Executed Query INSERT INTO TBL_HEALTHCHECK (PARAM_ID,APPLICATION,SERVER,OUTPUT_FILENAME,OUTPUT_FILEPATH,STATUS,ERROR_DATA)VALUES ((SELECT MAX(ID) from TBL_HEALTHCHECK_PARAMS),'CRP_PRE_COMM','it207rvw.omnitel.it','T\HealthCheckResult_2020-12-22-08-20-47.csv','\\it207rvw.omnitel.it\ACC\ACC_OUTPUT\','n','SMTP Connectivity failed, please check the configurations');,Execute Non-Query
15:51:36,Info,Executing Second Query ,Main
15:51:38,Info,Moved \\it207rvw.omnitel.it\ACC\ACC_OUTPUT\HealthCheckResult_2020-12-22-08-20-47.csv to Processed files,Main
15:51:38,Info,Processing File - \\it207rvw.omnitel.it\ACC\ACC_OUTPUT\HealthCheckResult_2020-12-22-10-20-47.csv,Main
15:51:39,Info,Daily_Monitoring incorrect value,VerifyData
15:51:39,Info,Process_Monitoring incorrect value,VerifyData
15:51:39,Info,Scheduler_Monitoring incorrect value,VerifyData
15:51:39,Info,System_Monitoring incorrect value,VerifyData
15:51:39,Info,Ticket_Monitoring incorrect value,VerifyData
15:51:39,Info,FTP_Monitoring incorrect value,VerifyData
15:51:40,Info,Space_Utilization_Monitoring incorrect value,VerifyData
15:51:40,Exception,Issue in sending mail for Incorrect ParametersObject reference not set to an instance of an object.,Main
15:51:40,Info,Connected to database ACCDB,Execute Non-Query
15:51:40,Info,Executed Query INSERT INTO TBL_HEALTHCHECK_PARAMS  (APPLICATION_MONITORING,BACKUP_MONITORING,BATCH_JOBS_MONITORING,DAILY_MONITORING,DATABASE_MONITORING,HEALTH_MONITORING,JOB_MONITORING,LOG_MONITORING,MESSAGE_MONITORING,PROCESS_MONITORING,QUEUE_MONITORING,SCHEDULER_MONITORING,SPACE_MONITORING,SYSTEM_MONITORING,TICKET_MONITORING,URL_MONITORING,WORKFLOW_MONITORING,FTP_MONITORING,CPU_MONITORING,MEMORY_MONITORING,SPACE_UTILIZATION_MONITORING) VALUES ('Y','X','X','N','Y','Y','X','Y','X','N','X','N','Y','N','N','Y','X','N','74','59.4','76.4');,Execute Non-Query
15:51:40,Info,First Query Executed ,Main
15:51:40,Info,Connected to database ACCDB,Execute Non-Query
15:51:41,Info,Executed Query INSERT INTO TBL_HEALTHCHECK (PARAM_ID,APPLICATION,SERVER,OUTPUT_FILENAME,OUTPUT_FILEPATH,STATUS,ERROR_DATA)VALUES ((SELECT MAX(ID) from TBL_HEALTHCHECK_PARAMS),'CRP_PRE_COMM','it207rvw.omnitel.it','T\HealthCheckResult_2020-12-22-10-20-47.csv','\\it207rvw.omnitel.it\ACC\ACC_OUTPUT\','n','SMTP Connectivity failed, please check the configurations');,Execute Non-Query
15:51:41,Info,Executing Second Query ,Main
15:51:43,Info,Moved \\it207rvw.omnitel.it\ACC\ACC_OUTPUT\HealthCheckResult_2020-12-22-10-20-47.csv to Processed files,Main
15:51:47,Info,Unmapping already mapped drive ,MapDrive
15:51:54,Info,unmapped older drive ,MapDrive
15:52:10,Info,Maapping drive Successful,MapDrive
15:52:10,Info,It088tvw.omnitel.it mapped successfully,Main
15:52:12,Info,48 files found for processing,Main
15:52:12,Info,Processing File - \\It088tvw.omnitel.it\ACC\ACC_OUTPUT\HealthCheckResult_2020-12-18-13-06-08.csv,Main
15:52:14,Info,Daily_Monitoring incorrect value,VerifyData
15:52:14,Info,Database_Monitoring incorrect value,VerifyData
15:52:14,Info,URL_Monitoring incorrect value,VerifyData
15:52:14,Info,Memory_Monitoring incorrect value,VerifyData
15:52:14,Info,Space_Utilization_Monitoring incorrect value,VerifyData
15:52:14,Exception,Issue in sending mail for Incorrect ParametersObject reference not set to an instance of an object.,Main
15:52:14,Info,Connected to database ACCDB,Execute Non-Query
15:52:15,Info,Executed Query INSERT INTO TBL_HEALTHCHECK_PARAMS  (APPLICATION_MONITORING,BACKUP_MONITORING,BATCH_JOBS_MONITORING,DAILY_MONITORING,DATABASE_MONITORING,HEALTH_MONITORING,JOB_MONITORING,LOG_MONITORING,MESSAGE_MONITORING,PROCESS_MONITORING,QUEUE_MONITORING,SCHEDULER_MONITORING,SPACE_MONITORING,SYSTEM_MONITORING,TICKET_MONITORING,URL_MONITORING,WORKFLOW_MONITORING,FTP_MONITORING,CPU_MONITORING,MEMORY_MONITORING,SPACE_UTILIZATION_MONITORING) VALUES ('Y','X','X','N','N','X','X','Y','X','Y','X','X','Y','@{CPU Usage (%)=3}','X','N','X','X','0.5 %','2141692','75.41');,Execute Non-Query
15:52:15,Info,First Query Executed ,Main
15:52:15,Info,Connected to database ACCDB,Execute Non-Query
15:52:15,Info,Executed Query INSERT INTO TBL_HEALTHCHECK (PARAM_ID,APPLICATION,SERVER,OUTPUT_FILENAME,OUTPUT_FILEPATH,STATUS,ERROR_DATA)VALUES ((SELECT MAX(ID) from TBL_HEALTHCHECK_PARAMS),'CRP_PRE4','It088tvw.omnitel.it','T\HealthCheckResult_2020-12-18-13-06-08.csv','\\It088tvw.omnitel.it\ACC\ACC_OUTPUT\','n','SMTP Connectivity failed, please check the configurations');,Execute Non-Query
15:52:15,Info,Executing Second Query ,Main
15:52:17,Info,Moved \\It088tvw.omnitel.it\ACC\ACC_OUTPUT\HealthCheckResult_2020-12-18-13-06-08.csv to Processed files,Main
15:52:17,Info,Processing File - \\It088tvw.omnitel.it\ACC\ACC_OUTPUT\HealthCheckResult_2020-12-18-15-06-08.csv,Main
15:52:18,Info,Daily_Monitoring incorrect value,VerifyData
15:52:18,Info,Database_Monitoring incorrect value,VerifyData
15:52:18,Info,URL_Monitoring incorrect value,VerifyData
15:52:19,Info,Memory_Monitoring incorrect value,VerifyData
15:52:19,Info,Space_Utilization_Monitoring incorrect value,VerifyData
15:52:19,Exception,Issue in sending mail for Incorrect ParametersObject reference not set to an instance of an object.,Main
15:52:19,Info,Connected to database ACCDB,Execute Non-Query
15:52:19,Info,Executed Query INSERT INTO TBL_HEALTHCHECK_PARAMS  (APPLICATION_MONITORING,BACKUP_MONITORING,BATCH_JOBS_MONITORING,DAILY_MONITORING,DATABASE_MONITORING,HEALTH_MONITORING,JOB_MONITORING,LOG_MONITORING,MESSAGE_MONITORING,PROCESS_MONITORING,QUEUE_MONITORING,SCHEDULER_MONITORING,SPACE_MONITORING,SYSTEM_MONITORING,TICKET_MONITORING,URL_MONITORING,WORKFLOW_MONITORING,FTP_MONITORING,CPU_MONITORING,MEMORY_MONITORING,SPACE_UTILIZATION_MONITORING) VALUES ('Y','X','X','N','N','X','X','Y','X','Y','X','X','Y','@{CPU Usage (%)=0.75}','X','N','X','X','0.75 %','2143328','75.40');,Execute Non-Query
15:52:19,Info,First Query Executed ,Main
15:52:19,Info,Connected to database ACCDB,Execute Non-Query
15:52:20,Info,Executed Query INSERT INTO TBL_HEALTHCHECK (PARAM_ID,APPLICATION,SERVER,OUTPUT_FILENAME,OUTPUT_FILEPATH,STATUS,ERROR_DATA)VALUES ((SELECT MAX(ID) from TBL_HEALTHCHECK_PARAMS),'CRP_PRE4','It088tvw.omnitel.it','T\HealthCheckResult_2020-12-18-15-06-08.csv','\\It088tvw.omnitel.it\ACC\ACC_OUTPUT\','n','SMTP Connectivity failed, please check the configurations');,Execute Non-Query
15:52:20,Info,Executing Second Query ,Main
15:52:22,Info,Moved \\It088tvw.omnitel.it\ACC\ACC_OUTPUT\HealthCheckResult_2020-12-18-15-06-08.csv to Processed files,Main
15:52:22,Info,Processing File - \\It088tvw.omnitel.it\ACC\ACC_OUTPUT\HealthCheckResult_2020-12-18-17-06-08.csv,Main
15:52:23,Info,Daily_Monitoring incorrect value,VerifyData
15:52:24,Info,Database_Monitoring incorrect value,VerifyData
15:52:24,Info,URL_Monitoring incorrect value,VerifyData
15:52:24,Info,Memory_Monitoring incorrect value,VerifyData
15:52:24,Info,Space_Utilization_Monitoring incorrect value,VerifyData
15:52:24,Exception,Issue in sending mail for Incorrect ParametersObject reference not set to an instance of an object.,Main
15:52:24,Info,Connected to database ACCDB,Execute Non-Query
15:52:24,Info,Executed Query INSERT INTO TBL_HEALTHCHECK_PARAMS  (APPLICATION_MONITORING,BACKUP_MONITORING,BATCH_JOBS_MONITORING,DAILY_MONITORING,DATABASE_MONITORING,HEALTH_MONITORING,JOB_MONITORING,LOG_MONITORING,MESSAGE_MONITORING,PROCESS_MONITORING,QUEUE_MONITORING,SCHEDULER_MONITORING,SPACE_MONITORING,SYSTEM_MONITORING,TICKET_MONITORING,URL_MONITORING,WORKFLOW_MONITORING,FTP_MONITORING,CPU_MONITORING,MEMORY_MONITORING,SPACE_UTILIZATION_MONITORING) VALUES ('Y','X','X','N','N','X','X','Y','X','Y','X','X','Y','@{CPU Usage (%)=0.5}','X','N','X','X','1.5 %','2074016','75.41');,Execute Non-Query
15:52:24,Info,First Query Executed ,Main
15:52:25,Info,Connected to database ACCDB,Execute Non-Query
15:52:25,Info,Executed Query INSERT INTO TBL_HEALTHCHECK (PARAM_ID,APPLICATION,SERVER,OUTPUT_FILENAME,OUTPUT_FILEPATH,STATUS,ERROR_DATA)VALUES ((SELECT MAX(ID) from TBL_HEALTHCHECK_PARAMS),'CRP_PRE4','It088tvw.omnitel.it','T\HealthCheckResult_2020-12-18-17-06-08.csv','\\It088tvw.omnitel.it\ACC\ACC_OUTPUT\','n','SMTP Connectivity failed, please check the configurations');,Execute Non-Query
15:52:25,Info,Executing Second Query ,Main
15:52:27,Info,Moved \\It088tvw.omnitel.it\ACC\ACC_OUTPUT\HealthCheckResult_2020-12-18-17-06-08.csv to Processed files,Main
15:52:27,Info,Processing File - \\It088tvw.omnitel.it\ACC\ACC_OUTPUT\HealthCheckResult_2020-12-18-19-06-08.csv,Main
15:52:28,Info,Daily_Monitoring incorrect value,VerifyData
15:52:28,Info,Database_Monitoring incorrect value,VerifyData
15:52:28,Info,URL_Monitoring incorrect value,VerifyData
15:52:28,Info,Memory_Monitoring incorrect value,VerifyData
15:52:29,Info,Space_Utilization_Monitoring incorrect value,VerifyData
15:52:29,Exception,Issue in sending mail for Incorrect ParametersObject reference not set to an instance of an object.,Main
15:52:29,Info,Connected to database ACCDB,Execute Non-Query
15:52:29,Info,Executed Query INSERT INTO TBL_HEALTHCHECK_PARAMS  (APPLICATION_MONITORING,BACKUP_MONITORING,BATCH_JOBS_MONITORING,DAILY_MONITORING,DATABASE_MONITORING,HEALTH_MONITORING,JOB_MONITORING,LOG_MONITORING,MESSAGE_MONITORING,PROCESS_MONITORING,QUEUE_MONITORING,SCHEDULER_MONITORING,SPACE_MONITORING,SYSTEM_MONITORING,TICKET_MONITORING,URL_MONITORING,WORKFLOW_MONITORING,FTP_MONITORING,CPU_MONITORING,MEMORY_MONITORING,SPACE_UTILIZATION_MONITORING) VALUES ('Y','X','X','N','N','X','X','Y','X','Y','X','X','Y','@{CPU Usage (%)=0.5}','X','N','X','X','1 %','2071164','75.41');,Execute Non-Query
15:52:29,Info,First Query Executed ,Main
15:52:29,Info,Connected to database ACCDB,Execute Non-Query
15:52:30,Info,Executed Query INSERT INTO TBL_HEALTHCHECK (PARAM_ID,APPLICATION,SERVER,OUTPUT_FILENAME,OUTPUT_FILEPATH,STATUS,ERROR_DATA)VALUES ((SELECT MAX(ID) from TBL_HEALTHCHECK_PARAMS),'CRP_PRE4','It088tvw.omnitel.it','T\HealthCheckResult_2020-12-18-19-06-08.csv','\\It088tvw.omnitel.it\ACC\ACC_OUTPUT\','n','SMTP Connectivity failed, please check the configurations');,Execute Non-Query
15:52:30,Info,Executing Second Query ,Main
15:52:32,Info,Moved \\It088tvw.omnitel.it\ACC\ACC_OUTPUT\HealthCheckResult_2020-12-18-19-06-08.csv to Processed files,Main
15:52:32,Info,Processing File - \\It088tvw.omnitel.it\ACC\ACC_OUTPUT\HealthCheckResult_2020-12-18-21-06-07.csv,Main
15:52:33,Info,Daily_Monitoring incorrect value,VerifyData
15:52:33,Info,Database_Monitoring incorrect value,VerifyData
15:52:33,Info,URL_Monitoring incorrect value,VerifyData
15:52:33,Info,Memory_Monitoring incorrect value,VerifyData
15:52:33,Info,Space_Utilization_Monitoring incorrect value,VerifyData
15:52:33,Exception,Issue in sending mail for Incorrect ParametersObject reference not set to an instance of an object.,Main
15:52:33,Info,Connected to database ACCDB,Execute Non-Query
15:52:34,Info,Executed Query INSERT INTO TBL_HEALTHCHECK_PARAMS  (APPLICATION_MONITORING,BACKUP_MONITORING,BATCH_JOBS_MONITORING,DAILY_MONITORING,DATABASE_MONITORING,HEALTH_MONITORING,JOB_MONITORING,LOG_MONITORING,MESSAGE_MONITORING,PROCESS_MONITORING,QUEUE_MONITORING,SCHEDULER_MONITORING,SPACE_MONITORING,SYSTEM_MONITORING,TICKET_MONITORING,URL_MONITORING,WORKFLOW_MONITORING,FTP_MONITORING,CPU_MONITORING,MEMORY_MONITORING,SPACE_UTILIZATION_MONITORING) VALUES ('Y','X','X','N','N','X','X','Y','X','Y','X','X','Y','@{CPU Usage (%)=0.5}','X','N','X','X','0.75 %','2143704','75.40');,Execute Non-Query
15:52:34,Info,First Query Executed ,Main
15:52:34,Info,Connected to database ACCDB,Execute Non-Query
15:52:34,Info,Executed Query INSERT INTO TBL_HEALTHCHECK (PARAM_ID,APPLICATION,SERVER,OUTPUT_FILENAME,OUTPUT_FILEPATH,STATUS,ERROR_DATA)VALUES ((SELECT MAX(ID) from TBL_HEALTHCHECK_PARAMS),'CRP_PRE4','It088tvw.omnitel.it','T\HealthCheckResult_2020-12-18-21-06-07.csv','\\It088tvw.omnitel.it\ACC\ACC_OUTPUT\','n','SMTP Connectivity failed, please check the configurations');,Execute Non-Query
15:52:34,Info,Executing Second Query ,Main
15:52:36,Info,Moved \\It088tvw.omnitel.it\ACC\ACC_OUTPUT\HealthCheckResult_2020-12-18-21-06-07.csv to Processed files,Main
15:52:36,Info,Processing File - \\It088tvw.omnitel.it\ACC\ACC_OUTPUT\HealthCheckResult_2020-12-18-23-06-07.csv,Main
15:52:37,Info,Daily_Monitoring incorrect value,VerifyData
15:52:38,Info,Database_Monitoring incorrect value,VerifyData
15:52:38,Info,URL_Monitoring incorrect value,VerifyData
15:52:38,Info,Memory_Monitoring incorrect value,VerifyData
15:52:38,Info,Space_Utilization_Monitoring incorrect value,VerifyData
15:52:38,Exception,Issue in sending mail for Incorrect ParametersObject reference not set to an instance of an object.,Main
15:52:38,Info,Connected to database ACCDB,Execute Non-Query
15:52:38,Info,Executed Query INSERT INTO TBL_HEALTHCHECK_PARAMS  (APPLICATION_MONITORING,BACKUP_MONITORING,BATCH_JOBS_MONITORING,DAILY_MONITORING,DATABASE_MONITORING,HEALTH_MONITORING,JOB_MONITORING,LOG_MONITORING,MESSAGE_MONITORING,PROCESS_MONITORING,QUEUE_MONITORING,SCHEDULER_MONITORING,SPACE_MONITORING,SYSTEM_MONITORING,TICKET_MONITORING,URL_MONITORING,WORKFLOW_MONITORING,FTP_MONITORING,CPU_MONITORING,MEMORY_MONITORING,SPACE_UTILIZATION_MONITORING) VALUES ('Y','X','X','N','N','X','X','Y','X','Y','X','X','Y','@{CPU Usage (%)=0.75}','X','N','X','X','0.5 %','2138744','75.40');,Execute Non-Query
15:52:38,Info,First Query Executed ,Main
15:52:38,Info,Connected to database ACCDB,Execute Non-Query
15:52:39,Info,Executed Query INSERT INTO TBL_HEALTHCHECK (PARAM_ID,APPLICATION,SERVER,OUTPUT_FILENAME,OUTPUT_FILEPATH,STATUS,ERROR_DATA)VALUES ((SELECT MAX(ID) from TBL_HEALTHCHECK_PARAMS),'CRP_PRE4','It088tvw.omnitel.it','T\HealthCheckResult_2020-12-18-23-06-07.csv','\\It088tvw.omnitel.it\ACC\ACC_OUTPUT\','n','SMTP Connectivity failed, please check the configurations');,Execute Non-Query
15:52:39,Info,Executing Second Query ,Main
15:52:41,Info,Moved \\It088tvw.omnitel.it\ACC\ACC_OUTPUT\HealthCheckResult_2020-12-18-23-06-07.csv to Processed files,Main
15:52:41,Info,Processing File - \\It088tvw.omnitel.it\ACC\ACC_OUTPUT\HealthCheckResult_2020-12-19-01-06-07.csv,Main
15:52:42,Info,Daily_Monitoring incorrect value,VerifyData
15:52:42,Info,Database_Monitoring incorrect value,VerifyData
15:52:43,Info,URL_Monitoring incorrect value,VerifyData
15:52:43,Info,Memory_Monitoring incorrect value,VerifyData
15:52:43,Info,Space_Utilization_Monitoring incorrect value,VerifyData
15:52:43,Exception,Issue in sending mail for Incorrect ParametersObject reference not set to an instance of an object.,Main
15:52:43,Info,Connected to database ACCDB,Execute Non-Query
15:52:43,Info,Executed Query INSERT INTO TBL_HEALTHCHECK_PARAMS  (APPLICATION_MONITORING,BACKUP_MONITORING,BATCH_JOBS_MONITORING,DAILY_MONITORING,DATABASE_MONITORING,HEALTH_MONITORING,JOB_MONITORING,LOG_MONITORING,MESSAGE_MONITORING,PROCESS_MONITORING,QUEUE_MONITORING,SCHEDULER_MONITORING,SPACE_MONITORING,SYSTEM_MONITORING,TICKET_MONITORING,URL_MONITORING,WORKFLOW_MONITORING,FTP_MONITORING,CPU_MONITORING,MEMORY_MONITORING,SPACE_UTILIZATION_MONITORING) VALUES ('Y','X','X','N','N','X','X','Y','X','Y','X','X','Y','@{CPU Usage (%)=0.5}','X','N','X','X','0.5 %','2153216','75.40');,Execute Non-Query
15:52:43,Info,First Query Executed ,Main
15:52:44,Info,Connected to database ACCDB,Execute Non-Query
15:52:44,Info,Executed Query INSERT INTO TBL_HEALTHCHECK (PARAM_ID,APPLICATION,SERVER,OUTPUT_FILENAME,OUTPUT_FILEPATH,STATUS,ERROR_DATA)VALUES ((SELECT MAX(ID) from TBL_HEALTHCHECK_PARAMS),'CRP_PRE4','It088tvw.omnitel.it','T\HealthCheckResult_2020-12-19-01-06-07.csv','\\It088tvw.omnitel.it\ACC\ACC_OUTPUT\','n','SMTP Connectivity failed, please check the configurations');,Execute Non-Query
15:52:44,Info,Executing Second Query ,Main
15:52:46,Info,Moved \\It088tvw.omnitel.it\ACC\ACC_OUTPUT\HealthCheckResult_2020-12-19-01-06-07.csv to Processed files,Main
15:52:46,Info,Processing File - \\It088tvw.omnitel.it\ACC\ACC_OUTPUT\HealthCheckResult_2020-12-19-03-06-07.csv,Main
15:52:47,Info,Daily_Monitoring incorrect value,VerifyData
15:52:47,Info,Database_Monitoring incorrect value,VerifyData
15:52:47,Info,URL_Monitoring incorrect value,VerifyData
15:52:48,Info,Memory_Monitoring incorrect value,VerifyData
15:52:48,Info,Space_Utilization_Monitoring incorrect value,VerifyData
15:52:48,Exception,Issue in sending mail for Incorrect ParametersObject reference not set to an instance of an object.,Main
15:52:48,Info,Connected to database ACCDB,Execute Non-Query
15:52:48,Info,Executed Query INSERT INTO TBL_HEALTHCHECK_PARAMS  (APPLICATION_MONITORING,BACKUP_MONITORING,BATCH_JOBS_MONITORING,DAILY_MONITORING,DATABASE_MONITORING,HEALTH_MONITORING,JOB_MONITORING,LOG_MONITORING,MESSAGE_MONITORING,PROCESS_MONITORING,QUEUE_MONITORING,SCHEDULER_MONITORING,SPACE_MONITORING,SYSTEM_MONITORING,TICKET_MONITORING,URL_MONITORING,WORKFLOW_MONITORING,FTP_MONITORING,CPU_MONITORING,MEMORY_MONITORING,SPACE_UTILIZATION_MONITORING) VALUES ('Y','X','X','N','N','X','X','Y','X','Y','X','X','Y','@{CPU Usage (%)=0.5}','X','N','X','X','0.75 %','2164720','75.40');,Execute Non-Query
15:52:48,Info,First Query Executed ,Main
15:52:49,Info,Connected to database ACCDB,Execute Non-Query
15:52:49,Info,Executed Query INSERT INTO TBL_HEALTHCHECK (PARAM_ID,APPLICATION,SERVER,OUTPUT_FILENAME,OUTPUT_FILEPATH,STATUS,ERROR_DATA)VALUES ((SELECT MAX(ID) from TBL_HEALTHCHECK_PARAMS),'CRP_PRE4','It088tvw.omnitel.it','T\HealthCheckResult_2020-12-19-03-06-07.csv','\\It088tvw.omnitel.it\ACC\ACC_OUTPUT\','n','SMTP Connectivity failed, please check the configurations');,Execute Non-Query
15:52:49,Info,Executing Second Query ,Main
15:52:51,Info,Moved \\It088tvw.omnitel.it\ACC\ACC_OUTPUT\HealthCheckResult_2020-12-19-03-06-07.csv to Processed files,Main
15:52:52,Info,Processing File - \\It088tvw.omnitel.it\ACC\ACC_OUTPUT\HealthCheckResult_2020-12-19-05-06-07.csv,Main
15:52:53,Info,Daily_Monitoring incorrect value,VerifyData
15:52:53,Info,Database_Monitoring incorrect value,VerifyData
15:52:53,Info,URL_Monitoring incorrect value,VerifyData
15:52:53,Info,Memory_Monitoring incorrect value,VerifyData
15:52:53,Info,Space_Utilization_Monitoring incorrect value,VerifyData
15:52:53,Exception,Issue in sending mail for Incorrect ParametersObject reference not set to an instance of an object.,Main
15:52:53,Info,Connected to database ACCDB,Execute Non-Query
15:52:54,Info,Executed Query INSERT INTO TBL_HEALTHCHECK_PARAMS  (APPLICATION_MONITORING,BACKUP_MONITORING,BATCH_JOBS_MONITORING,DAILY_MONITORING,DATABASE_MONITORING,HEALTH_MONITORING,JOB_MONITORING,LOG_MONITORING,MESSAGE_MONITORING,PROCESS_MONITORING,QUEUE_MONITORING,SCHEDULER_MONITORING,SPACE_MONITORING,SYSTEM_MONITORING,TICKET_MONITORING,URL_MONITORING,WORKFLOW_MONITORING,FTP_MONITORING,CPU_MONITORING,MEMORY_MONITORING,SPACE_UTILIZATION_MONITORING) VALUES ('Y','X','X','N','N','X','X','Y','X','Y','X','X','Y','@{CPU Usage (%)=1.25}','X','N','X','X','0.75 %','2161912','75.39');,Execute Non-Query
15:52:54,Info,First Query Executed ,Main
15:52:54,Info,Connected to database ACCDB,Execute Non-Query
15:52:54,Info,Executed Query INSERT INTO TBL_HEALTHCHECK (PARAM_ID,APPLICATION,SERVER,OUTPUT_FILENAME,OUTPUT_FILEPATH,STATUS,ERROR_DATA)VALUES ((SELECT MAX(ID) from TBL_HEALTHCHECK_PARAMS),'CRP_PRE4','It088tvw.omnitel.it','T\HealthCheckResult_2020-12-19-05-06-07.csv','\\It088tvw.omnitel.it\ACC\ACC_OUTPUT\','n','SMTP Connectivity failed, please check the configurations');,Execute Non-Query
15:52:54,Info,Executing Second Query ,Main
15:52:57,Info,Moved \\It088tvw.omnitel.it\ACC\ACC_OUTPUT\HealthCheckResult_2020-12-19-05-06-07.csv to Processed files,Main
15:52:57,Info,Processing File - \\It088tvw.omnitel.it\ACC\ACC_OUTPUT\HealthCheckResult_2020-12-19-07-06-07.csv,Main
15:52:58,Info,Daily_Monitoring incorrect value,VerifyData
15:52:58,Info,Database_Monitoring incorrect value,VerifyData
15:52:58,Info,URL_Monitoring incorrect value,VerifyData
15:52:58,Info,Memory_Monitoring incorrect value,VerifyData
15:52:58,Info,Space_Utilization_Monitoring incorrect value,VerifyData
15:52:58,Exception,Issue in sending mail for Incorrect ParametersObject reference not set to an instance of an object.,Main
15:52:59,Info,Connected to database ACCDB,Execute Non-Query
15:52:59,Info,Executed Query INSERT INTO TBL_HEALTHCHECK_PARAMS  (APPLICATION_MONITORING,BACKUP_MONITORING,BATCH_JOBS_MONITORING,DAILY_MONITORING,DATABASE_MONITORING,HEALTH_MONITORING,JOB_MONITORING,LOG_MONITORING,MESSAGE_MONITORING,PROCESS_MONITORING,QUEUE_MONITORING,SCHEDULER_MONITORING,SPACE_MONITORING,SYSTEM_MONITORING,TICKET_MONITORING,URL_MONITORING,WORKFLOW_MONITORING,FTP_MONITORING,CPU_MONITORING,MEMORY_MONITORING,SPACE_UTILIZATION_MONITORING) VALUES ('Y','X','X','N','N','X','X','Y','X','Y','X','X','Y','@{CPU Usage (%)=1}','X','N','X','X','0.75 %','2158468','75.40');,Execute Non-Query
15:52:59,Info,First Query Executed ,Main
15:52:59,Info,Connected to database ACCDB,Execute Non-Query
15:52:59,Info,Executed Query INSERT INTO TBL_HEALTHCHECK (PARAM_ID,APPLICATION,SERVER,OUTPUT_FILENAME,OUTPUT_FILEPATH,STATUS,ERROR_DATA)VALUES ((SELECT MAX(ID) from TBL_HEALTHCHECK_PARAMS),'CRP_PRE4','It088tvw.omnitel.it','T\HealthCheckResult_2020-12-19-07-06-07.csv','\\It088tvw.omnitel.it\ACC\ACC_OUTPUT\','n','SMTP Connectivity failed, please check the configurations');,Execute Non-Query
15:53:00,Info,Executing Second Query ,Main
15:53:01,Info,Moved \\It088tvw.omnitel.it\ACC\ACC_OUTPUT\HealthCheckResult_2020-12-19-07-06-07.csv to Processed files,Main
15:53:01,Info,Processing File - \\It088tvw.omnitel.it\ACC\ACC_OUTPUT\HealthCheckResult_2020-12-19-09-06-07.csv,Main
15:53:03,Info,Daily_Monitoring incorrect value,VerifyData
15:53:03,Info,Database_Monitoring incorrect value,VerifyData
15:53:03,Info,URL_Monitoring incorrect value,VerifyData
15:53:03,Info,Memory_Monitoring incorrect value,VerifyData
15:53:03,Info,Space_Utilization_Monitoring incorrect value,VerifyData
15:53:03,Exception,Issue in sending mail for Incorrect ParametersObject reference not set to an instance of an object.,Main
15:53:03,Info,Connected to database ACCDB,Execute Non-Query
15:53:04,Info,Executed Query INSERT INTO TBL_HEALTHCHECK_PARAMS  (APPLICATION_MONITORING,BACKUP_MONITORING,BATCH_JOBS_MONITORING,DAILY_MONITORING,DATABASE_MONITORING,HEALTH_MONITORING,JOB_MONITORING,LOG_MONITORING,MESSAGE_MONITORING,PROCESS_MONITORING,QUEUE_MONITORING,SCHEDULER_MONITORING,SPACE_MONITORING,SYSTEM_MONITORING,TICKET_MONITORING,URL_MONITORING,WORKFLOW_MONITORING,FTP_MONITORING,CPU_MONITORING,MEMORY_MONITORING,SPACE_UTILIZATION_MONITORING) VALUES ('Y','X','X','N','N','X','X','Y','X','Y','X','X','Y','@{CPU Usage (%)=0.75}','X','N','X','X','1.75 %','2159192','75.41');,Execute Non-Query
15:53:04,Info,First Query Executed ,Main
15:53:04,Info,Connected to database ACCDB,Execute Non-Query
15:53:04,Info,Executed Query INSERT INTO TBL_HEALTHCHECK (PARAM_ID,APPLICATION,SERVER,OUTPUT_FILENAME,OUTPUT_FILEPATH,STATUS,ERROR_DATA)VALUES ((SELECT MAX(ID) from TBL_HEALTHCHECK_PARAMS),'CRP_PRE4','It088tvw.omnitel.it','T\HealthCheckResult_2020-12-19-09-06-07.csv','\\It088tvw.omnitel.it\ACC\ACC_OUTPUT\','n','SMTP Connectivity failed, please check the configurations');,Execute Non-Query
15:53:04,Info,Executing Second Query ,Main
15:53:07,Info,Moved \\It088tvw.omnitel.it\ACC\ACC_OUTPUT\HealthCheckResult_2020-12-19-09-06-07.csv to Processed files,Main
15:53:07,Info,Processing File - \\It088tvw.omnitel.it\ACC\ACC_OUTPUT\HealthCheckResult_2020-12-19-11-06-07.csv,Main
15:53:08,Info,Daily_Monitoring incorrect value,VerifyData
15:53:08,Info,Database_Monitoring incorrect value,VerifyData
15:53:08,Info,URL_Monitoring incorrect value,VerifyData
15:53:08,Info,Memory_Monitoring incorrect value,VerifyData
15:53:08,Info,Space_Utilization_Monitoring incorrect value,VerifyData
15:53:09,Exception,Issue in sending mail for Incorrect ParametersObject reference not set to an instance of an object.,Main
15:53:09,Info,Connected to database ACCDB,Execute Non-Query
15:53:09,Info,Executed Query INSERT INTO TBL_HEALTHCHECK_PARAMS  (APPLICATION_MONITORING,BACKUP_MONITORING,BATCH_JOBS_MONITORING,DAILY_MONITORING,DATABASE_MONITORING,HEALTH_MONITORING,JOB_MONITORING,LOG_MONITORING,MESSAGE_MONITORING,PROCESS_MONITORING,QUEUE_MONITORING,SCHEDULER_MONITORING,SPACE_MONITORING,SYSTEM_MONITORING,TICKET_MONITORING,URL_MONITORING,WORKFLOW_MONITORING,FTP_MONITORING,CPU_MONITORING,MEMORY_MONITORING,SPACE_UTILIZATION_MONITORING) VALUES ('Y','X','X','N','N','X','X','Y','X','Y','X','X','Y','@{CPU Usage (%)=0.5}','X','N','X','X','1.75 %','2159432','75.40');,Execute Non-Query
15:53:09,Info,First Query Executed ,Main
15:53:09,Info,Connected to database ACCDB,Execute Non-Query
15:53:10,Info,Executed Query INSERT INTO TBL_HEALTHCHECK (PARAM_ID,APPLICATION,SERVER,OUTPUT_FILENAME,OUTPUT_FILEPATH,STATUS,ERROR_DATA)VALUES ((SELECT MAX(ID) from TBL_HEALTHCHECK_PARAMS),'CRP_PRE4','It088tvw.omnitel.it','T\HealthCheckResult_2020-12-19-11-06-07.csv','\\It088tvw.omnitel.it\ACC\ACC_OUTPUT\','n','SMTP Connectivity failed, please check the configurations');,Execute Non-Query
15:53:10,Info,Executing Second Query ,Main
15:53:12,Info,Moved \\It088tvw.omnitel.it\ACC\ACC_OUTPUT\HealthCheckResult_2020-12-19-11-06-07.csv to Processed files,Main
15:53:12,Info,Processing File - \\It088tvw.omnitel.it\ACC\ACC_OUTPUT\HealthCheckResult_2020-12-19-13-06-08.csv,Main
15:53:13,Info,Daily_Monitoring incorrect value,VerifyData
15:53:13,Info,Database_Monitoring incorrect value,VerifyData
15:53:13,Info,URL_Monitoring incorrect value,VerifyData
15:53:13,Info,Memory_Monitoring incorrect value,VerifyData
15:53:13,Info,Space_Utilization_Monitoring incorrect value,VerifyData
15:53:14,Exception,Issue in sending mail for Incorrect ParametersObject reference not set to an instance of an object.,Main
15:53:14,Info,Connected to database ACCDB,Execute Non-Query
15:53:14,Info,Executed Query INSERT INTO TBL_HEALTHCHECK_PARAMS  (APPLICATION_MONITORING,BACKUP_MONITORING,BATCH_JOBS_MONITORING,DAILY_MONITORING,DATABASE_MONITORING,HEALTH_MONITORING,JOB_MONITORING,LOG_MONITORING,MESSAGE_MONITORING,PROCESS_MONITORING,QUEUE_MONITORING,SCHEDULER_MONITORING,SPACE_MONITORING,SYSTEM_MONITORING,TICKET_MONITORING,URL_MONITORING,WORKFLOW_MONITORING,FTP_MONITORING,CPU_MONITORING,MEMORY_MONITORING,SPACE_UTILIZATION_MONITORING) VALUES ('Y','X','X','N','N','X','X','Y','X','Y','X','X','Y','@{CPU Usage (%)=0.75}','X','N','X','X','0.5 %','2157972','75.40');,Execute Non-Query
15:53:14,Info,First Query Executed ,Main
15:53:14,Info,Connected to database ACCDB,Execute Non-Query
15:53:15,Info,Executed Query INSERT INTO TBL_HEALTHCHECK (PARAM_ID,APPLICATION,SERVER,OUTPUT_FILENAME,OUTPUT_FILEPATH,STATUS,ERROR_DATA)VALUES ((SELECT MAX(ID) from TBL_HEALTHCHECK_PARAMS),'CRP_PRE4','It088tvw.omnitel.it','T\HealthCheckResult_2020-12-19-13-06-08.csv','\\It088tvw.omnitel.it\ACC\ACC_OUTPUT\','n','SMTP Connectivity failed, please check the configurations');,Execute Non-Query
15:53:15,Info,Executing Second Query ,Main
15:53:17,Info,Moved \\It088tvw.omnitel.it\ACC\ACC_OUTPUT\HealthCheckResult_2020-12-19-13-06-08.csv to Processed files,Main
15:53:17,Info,Processing File - \\It088tvw.omnitel.it\ACC\ACC_OUTPUT\HealthCheckResult_2020-12-19-15-06-07.csv,Main
15:53:18,Info,Daily_Monitoring incorrect value,VerifyData
15:53:18,Info,Database_Monitoring incorrect value,VerifyData
15:53:18,Info,URL_Monitoring incorrect value,VerifyData
15:53:18,Info,Memory_Monitoring incorrect value,VerifyData
15:53:19,Info,Space_Utilization_Monitoring incorrect value,VerifyData
15:53:19,Exception,Issue in sending mail for Incorrect ParametersObject reference not set to an instance of an object.,Main
15:53:19,Info,Connected to database ACCDB,Execute Non-Query
15:53:19,Info,Executed Query INSERT INTO TBL_HEALTHCHECK_PARAMS  (APPLICATION_MONITORING,BACKUP_MONITORING,BATCH_JOBS_MONITORING,DAILY_MONITORING,DATABASE_MONITORING,HEALTH_MONITORING,JOB_MONITORING,LOG_MONITORING,MESSAGE_MONITORING,PROCESS_MONITORING,QUEUE_MONITORING,SCHEDULER_MONITORING,SPACE_MONITORING,SYSTEM_MONITORING,TICKET_MONITORING,URL_MONITORING,WORKFLOW_MONITORING,FTP_MONITORING,CPU_MONITORING,MEMORY_MONITORING,SPACE_UTILIZATION_MONITORING) VALUES ('Y','X','X','N','N','X','X','Y','X','Y','X','X','Y','@{CPU Usage (%)=1}','X','N','X','X','0.5 %','2150656','75.40');,Execute Non-Query
15:53:19,Info,First Query Executed ,Main
15:53:19,Info,Connected to database ACCDB,Execute Non-Query
15:53:20,Info,Executed Query INSERT INTO TBL_HEALTHCHECK (PARAM_ID,APPLICATION,SERVER,OUTPUT_FILENAME,OUTPUT_FILEPATH,STATUS,ERROR_DATA)VALUES ((SELECT MAX(ID) from TBL_HEALTHCHECK_PARAMS),'CRP_PRE4','It088tvw.omnitel.it','T\HealthCheckResult_2020-12-19-15-06-07.csv','\\It088tvw.omnitel.it\ACC\ACC_OUTPUT\','n','SMTP Connectivity failed, please check the configurations');,Execute Non-Query
15:53:20,Info,Executing Second Query ,Main
15:53:22,Info,Moved \\It088tvw.omnitel.it\ACC\ACC_OUTPUT\HealthCheckResult_2020-12-19-15-06-07.csv to Processed files,Main
15:53:22,Info,Processing File - \\It088tvw.omnitel.it\ACC\ACC_OUTPUT\HealthCheckResult_2020-12-19-17-06-07.csv,Main
15:53:23,Info,Daily_Monitoring incorrect value,VerifyData
15:53:23,Info,Database_Monitoring incorrect value,VerifyData
15:53:23,Info,URL_Monitoring incorrect value,VerifyData
15:53:23,Info,Memory_Monitoring incorrect value,VerifyData
15:53:24,Info,Space_Utilization_Monitoring incorrect value,VerifyData
15:53:24,Exception,Issue in sending mail for Incorrect ParametersObject reference not set to an instance of an object.,Main
15:53:24,Info,Connected to database ACCDB,Execute Non-Query
15:53:24,Info,Executed Query INSERT INTO TBL_HEALTHCHECK_PARAMS  (APPLICATION_MONITORING,BACKUP_MONITORING,BATCH_JOBS_MONITORING,DAILY_MONITORING,DATABASE_MONITORING,HEALTH_MONITORING,JOB_MONITORING,LOG_MONITORING,MESSAGE_MONITORING,PROCESS_MONITORING,QUEUE_MONITORING,SCHEDULER_MONITORING,SPACE_MONITORING,SYSTEM_MONITORING,TICKET_MONITORING,URL_MONITORING,WORKFLOW_MONITORING,FTP_MONITORING,CPU_MONITORING,MEMORY_MONITORING,SPACE_UTILIZATION_MONITORING) VALUES ('Y','X','X','N','N','X','X','Y','X','Y','X','X','Y','@{CPU Usage (%)=1}','X','N','X','X','0.75 %','2150276','75.40');,Execute Non-Query
15:53:24,Info,First Query Executed ,Main
15:53:24,Info,Connected to database ACCDB,Execute Non-Query
15:53:25,Info,Executed Query INSERT INTO TBL_HEALTHCHECK (PARAM_ID,APPLICATION,SERVER,OUTPUT_FILENAME,OUTPUT_FILEPATH,STATUS,ERROR_DATA)VALUES ((SELECT MAX(ID) from TBL_HEALTHCHECK_PARAMS),'CRP_PRE4','It088tvw.omnitel.it','T\HealthCheckResult_2020-12-19-17-06-07.csv','\\It088tvw.omnitel.it\ACC\ACC_OUTPUT\','n','SMTP Connectivity failed, please check the configurations');,Execute Non-Query
15:53:25,Info,Executing Second Query ,Main
15:53:27,Info,Moved \\It088tvw.omnitel.it\ACC\ACC_OUTPUT\HealthCheckResult_2020-12-19-17-06-07.csv to Processed files,Main
15:53:27,Info,Processing File - \\It088tvw.omnitel.it\ACC\ACC_OUTPUT\HealthCheckResult_2020-12-19-19-06-07.csv,Main
15:53:29,Info,Daily_Monitoring incorrect value,VerifyData
15:53:29,Info,Database_Monitoring incorrect value,VerifyData
15:53:29,Info,URL_Monitoring incorrect value,VerifyData
15:53:29,Info,Memory_Monitoring incorrect value,VerifyData
15:53:29,Info,Space_Utilization_Monitoring incorrect value,VerifyData
15:53:29,Exception,Issue in sending mail for Incorrect ParametersObject reference not set to an instance of an object.,Main
15:53:29,Info,Connected to database ACCDB,Execute Non-Query
15:53:30,Info,Executed Query INSERT INTO TBL_HEALTHCHECK_PARAMS  (APPLICATION_MONITORING,BACKUP_MONITORING,BATCH_JOBS_MONITORING,DAILY_MONITORING,DATABASE_MONITORING,HEALTH_MONITORING,JOB_MONITORING,LOG_MONITORING,MESSAGE_MONITORING,PROCESS_MONITORING,QUEUE_MONITORING,SCHEDULER_MONITORING,SPACE_MONITORING,SYSTEM_MONITORING,TICKET_MONITORING,URL_MONITORING,WORKFLOW_MONITORING,FTP_MONITORING,CPU_MONITORING,MEMORY_MONITORING,SPACE_UTILIZATION_MONITORING) VALUES ('Y','X','X','N','N','X','X','Y','X','Y','X','X','Y','@{CPU Usage (%)=1.5}','X','N','X','X','0.75 %','2148340','75.40');,Execute Non-Query
15:53:30,Info,First Query Executed ,Main
15:53:30,Info,Connected to database ACCDB,Execute Non-Query
15:53:30,Info,Executed Query INSERT INTO TBL_HEALTHCHECK (PARAM_ID,APPLICATION,SERVER,OUTPUT_FILENAME,OUTPUT_FILEPATH,STATUS,ERROR_DATA)VALUES ((SELECT MAX(ID) from TBL_HEALTHCHECK_PARAMS),'CRP_PRE4','It088tvw.omnitel.it','T\HealthCheckResult_2020-12-19-19-06-07.csv','\\It088tvw.omnitel.it\ACC\ACC_OUTPUT\','n','SMTP Connectivity failed, please check the configurations');,Execute Non-Query
15:53:30,Info,Executing Second Query ,Main
15:53:33,Info,Moved \\It088tvw.omnitel.it\ACC\ACC_OUTPUT\HealthCheckResult_2020-12-19-19-06-07.csv to Processed files,Main
15:53:33,Info,Processing File - \\It088tvw.omnitel.it\ACC\ACC_OUTPUT\HealthCheckResult_2020-12-19-21-06-07.csv,Main
15:53:34,Info,Daily_Monitoring incorrect value,VerifyData
15:53:34,Info,Database_Monitoring incorrect value,VerifyData
15:53:34,Info,URL_Monitoring incorrect value,VerifyData
15:53:34,Info,Memory_Monitoring incorrect value,VerifyData
15:53:34,Info,Space_Utilization_Monitoring incorrect value,VerifyData
15:53:34,Exception,Issue in sending mail for Incorrect ParametersObject reference not set to an instance of an object.,Main
15:53:35,Info,Connected to database ACCDB,Execute Non-Query
15:53:35,Info,Executed Query INSERT INTO TBL_HEALTHCHECK_PARAMS  (APPLICATION_MONITORING,BACKUP_MONITORING,BATCH_JOBS_MONITORING,DAILY_MONITORING,DATABASE_MONITORING,HEALTH_MONITORING,JOB_MONITORING,LOG_MONITORING,MESSAGE_MONITORING,PROCESS_MONITORING,QUEUE_MONITORING,SCHEDULER_MONITORING,SPACE_MONITORING,SYSTEM_MONITORING,TICKET_MONITORING,URL_MONITORING,WORKFLOW_MONITORING,FTP_MONITORING,CPU_MONITORING,MEMORY_MONITORING,SPACE_UTILIZATION_MONITORING) VALUES ('Y','X','X','N','N','X','X','Y','X','Y','X','X','Y','@{CPU Usage (%)=1}','X','N','X','X','0.75 %','2151792','75.40');,Execute Non-Query
15:53:35,Info,First Query Executed ,Main
15:53:35,Info,Connected to database ACCDB,Execute Non-Query
15:53:35,Info,Executed Query INSERT INTO TBL_HEALTHCHECK (PARAM_ID,APPLICATION,SERVER,OUTPUT_FILENAME,OUTPUT_FILEPATH,STATUS,ERROR_DATA)VALUES ((SELECT MAX(ID) from TBL_HEALTHCHECK_PARAMS),'CRP_PRE4','It088tvw.omnitel.it','T\HealthCheckResult_2020-12-19-21-06-07.csv','\\It088tvw.omnitel.it\ACC\ACC_OUTPUT\','n','SMTP Connectivity failed, please check the configurations');,Execute Non-Query
15:53:35,Info,Executing Second Query ,Main
15:53:38,Info,Moved \\It088tvw.omnitel.it\ACC\ACC_OUTPUT\HealthCheckResult_2020-12-19-21-06-07.csv to Processed files,Main
15:53:38,Info,Processing File - \\It088tvw.omnitel.it\ACC\ACC_OUTPUT\HealthCheckResult_2020-12-19-23-06-07.csv,Main
15:53:39,Info,Daily_Monitoring incorrect value,VerifyData
15:53:39,Info,Database_Monitoring incorrect value,VerifyData
15:53:39,Info,URL_Monitoring incorrect value,VerifyData
15:53:39,Info,Memory_Monitoring incorrect value,VerifyData
15:53:39,Info,Space_Utilization_Monitoring incorrect value,VerifyData
15:53:39,Exception,Issue in sending mail for Incorrect ParametersObject reference not set to an instance of an object.,Main
15:53:39,Info,Connected to database ACCDB,Execute Non-Query
15:53:40,Info,Executed Query INSERT INTO TBL_HEALTHCHECK_PARAMS  (APPLICATION_MONITORING,BACKUP_MONITORING,BATCH_JOBS_MONITORING,DAILY_MONITORING,DATABASE_MONITORING,HEALTH_MONITORING,JOB_MONITORING,LOG_MONITORING,MESSAGE_MONITORING,PROCESS_MONITORING,QUEUE_MONITORING,SCHEDULER_MONITORING,SPACE_MONITORING,SYSTEM_MONITORING,TICKET_MONITORING,URL_MONITORING,WORKFLOW_MONITORING,FTP_MONITORING,CPU_MONITORING,MEMORY_MONITORING,SPACE_UTILIZATION_MONITORING) VALUES ('Y','X','X','N','N','X','X','Y','X','Y','X','X','Y','@{CPU Usage (%)=0.5}','X','N','X','X','0.5 %','2169620','75.39');,Execute Non-Query
15:53:40,Info,First Query Executed ,Main
15:53:40,Info,Connected to database ACCDB,Execute Non-Query
15:53:40,Info,Executed Query INSERT INTO TBL_HEALTHCHECK (PARAM_ID,APPLICATION,SERVER,OUTPUT_FILENAME,OUTPUT_FILEPATH,STATUS,ERROR_DATA)VALUES ((SELECT MAX(ID) from TBL_HEALTHCHECK_PARAMS),'CRP_PRE4','It088tvw.omnitel.it','T\HealthCheckResult_2020-12-19-23-06-07.csv','\\It088tvw.omnitel.it\ACC\ACC_OUTPUT\','n','SMTP Connectivity failed, please check the configurations');,Execute Non-Query
15:53:40,Info,Executing Second Query ,Main
15:53:43,Info,Moved \\It088tvw.omnitel.it\ACC\ACC_OUTPUT\HealthCheckResult_2020-12-19-23-06-07.csv to Processed files,Main
15:53:43,Info,Processing File - \\It088tvw.omnitel.it\ACC\ACC_OUTPUT\HealthCheckResult_2020-12-20-01-06-07.csv,Main
15:53:44,Info,Daily_Monitoring incorrect value,VerifyData
15:53:44,Info,Database_Monitoring incorrect value,VerifyData
15:53:44,Info,URL_Monitoring incorrect value,VerifyData
15:53:44,Info,Memory_Monitoring incorrect value,VerifyData
15:53:44,Info,Space_Utilization_Monitoring incorrect value,VerifyData
15:53:44,Exception,Issue in sending mail for Incorrect ParametersObject reference not set to an instance of an object.,Main
15:53:45,Info,Connected to database ACCDB,Execute Non-Query
15:53:45,Info,Executed Query INSERT INTO TBL_HEALTHCHECK_PARAMS  (APPLICATION_MONITORING,BACKUP_MONITORING,BATCH_JOBS_MONITORING,DAILY_MONITORING,DATABASE_MONITORING,HEALTH_MONITORING,JOB_MONITORING,LOG_MONITORING,MESSAGE_MONITORING,PROCESS_MONITORING,QUEUE_MONITORING,SCHEDULER_MONITORING,SPACE_MONITORING,SYSTEM_MONITORING,TICKET_MONITORING,URL_MONITORING,WORKFLOW_MONITORING,FTP_MONITORING,CPU_MONITORING,MEMORY_MONITORING,SPACE_UTILIZATION_MONITORING) VALUES ('Y','X','X','N','N','X','X','Y','X','Y','X','X','Y','@{CPU Usage (%)=0.75}','X','N','X','X','0.5 %','2158344','75.39');,Execute Non-Query
15:53:45,Info,First Query Executed ,Main
15:53:45,Info,Connected to database ACCDB,Execute Non-Query
15:53:45,Info,Executed Query INSERT INTO TBL_HEALTHCHECK (PARAM_ID,APPLICATION,SERVER,OUTPUT_FILENAME,OUTPUT_FILEPATH,STATUS,ERROR_DATA)VALUES ((SELECT MAX(ID) from TBL_HEALTHCHECK_PARAMS),'CRP_PRE4','It088tvw.omnitel.it','T\HealthCheckResult_2020-12-20-01-06-07.csv','\\It088tvw.omnitel.it\ACC\ACC_OUTPUT\','n','SMTP Connectivity failed, please check the configurations');,Execute Non-Query
15:53:45,Info,Executing Second Query ,Main
15:53:47,Info,Moved \\It088tvw.omnitel.it\ACC\ACC_OUTPUT\HealthCheckResult_2020-12-20-01-06-07.csv to Processed files,Main
15:53:47,Info,Processing File - \\It088tvw.omnitel.it\ACC\ACC_OUTPUT\HealthCheckResult_2020-12-20-03-06-07.csv,Main
15:53:48,Info,Daily_Monitoring incorrect value,VerifyData
15:53:49,Info,Database_Monitoring incorrect value,VerifyData
15:53:49,Info,URL_Monitoring incorrect value,VerifyData
15:53:49,Info,Memory_Monitoring incorrect value,VerifyData
15:53:49,Info,Space_Utilization_Monitoring incorrect value,VerifyData
15:53:49,Exception,Issue in sending mail for Incorrect ParametersObject reference not set to an instance of an object.,Main
15:53:49,Info,Connected to database ACCDB,Execute Non-Query
15:53:49,Info,Executed Query INSERT INTO TBL_HEALTHCHECK_PARAMS  (APPLICATION_MONITORING,BACKUP_MONITORING,BATCH_JOBS_MONITORING,DAILY_MONITORING,DATABASE_MONITORING,HEALTH_MONITORING,JOB_MONITORING,LOG_MONITORING,MESSAGE_MONITORING,PROCESS_MONITORING,QUEUE_MONITORING,SCHEDULER_MONITORING,SPACE_MONITORING,SYSTEM_MONITORING,TICKET_MONITORING,URL_MONITORING,WORKFLOW_MONITORING,FTP_MONITORING,CPU_MONITORING,MEMORY_MONITORING,SPACE_UTILIZATION_MONITORING) VALUES ('Y','X','X','N','N','X','X','Y','X','Y','X','X','Y','@{CPU Usage (%)=0.5}','X','N','X','X','0.75 %','2160624','75.40');,Execute Non-Query
15:53:50,Info,First Query Executed ,Main
15:53:50,Info,Connected to database ACCDB,Execute Non-Query
15:53:50,Info,Executed Query INSERT INTO TBL_HEALTHCHECK (PARAM_ID,APPLICATION,SERVER,OUTPUT_FILENAME,OUTPUT_FILEPATH,STATUS,ERROR_DATA)VALUES ((SELECT MAX(ID) from TBL_HEALTHCHECK_PARAMS),'CRP_PRE4','It088tvw.omnitel.it','T\HealthCheckResult_2020-12-20-03-06-07.csv','\\It088tvw.omnitel.it\ACC\ACC_OUTPUT\','n','SMTP Connectivity failed, please check the configurations');,Execute Non-Query
15:53:50,Info,Executing Second Query ,Main
15:53:52,Info,Moved \\It088tvw.omnitel.it\ACC\ACC_OUTPUT\HealthCheckResult_2020-12-20-03-06-07.csv to Processed files,Main
15:53:52,Info,Processing File - \\It088tvw.omnitel.it\ACC\ACC_OUTPUT\HealthCheckResult_2020-12-20-05-06-07.csv,Main
15:53:53,Info,Daily_Monitoring incorrect value,VerifyData
15:53:54,Info,Database_Monitoring incorrect value,VerifyData
15:53:54,Info,URL_Monitoring incorrect value,VerifyData
15:53:54,Info,Memory_Monitoring incorrect value,VerifyData
15:53:54,Info,Space_Utilization_Monitoring incorrect value,VerifyData
15:53:54,Exception,Issue in sending mail for Incorrect ParametersObject reference not set to an instance of an object.,Main
15:53:54,Info,Connected to database ACCDB,Execute Non-Query
15:53:54,Info,Executed Query INSERT INTO TBL_HEALTHCHECK_PARAMS  (APPLICATION_MONITORING,BACKUP_MONITORING,BATCH_JOBS_MONITORING,DAILY_MONITORING,DATABASE_MONITORING,HEALTH_MONITORING,JOB_MONITORING,LOG_MONITORING,MESSAGE_MONITORING,PROCESS_MONITORING,QUEUE_MONITORING,SCHEDULER_MONITORING,SPACE_MONITORING,SYSTEM_MONITORING,TICKET_MONITORING,URL_MONITORING,WORKFLOW_MONITORING,FTP_MONITORING,CPU_MONITORING,MEMORY_MONITORING,SPACE_UTILIZATION_MONITORING) VALUES ('Y','X','X','N','N','X','X','Y','X','Y','X','X','Y','@{CPU Usage (%)=0.75}','X','N','X','X','0.5 %','2179388','75.40');,Execute Non-Query
15:53:55,Info,First Query Executed ,Main
15:53:55,Info,Connected to database ACCDB,Execute Non-Query
15:53:55,Info,Executed Query INSERT INTO TBL_HEALTHCHECK (PARAM_ID,APPLICATION,SERVER,OUTPUT_FILENAME,OUTPUT_FILEPATH,STATUS,ERROR_DATA)VALUES ((SELECT MAX(ID) from TBL_HEALTHCHECK_PARAMS),'CRP_PRE4','It088tvw.omnitel.it','T\HealthCheckResult_2020-12-20-05-06-07.csv','\\It088tvw.omnitel.it\ACC\ACC_OUTPUT\','n','SMTP Connectivity failed, please check the configurations');,Execute Non-Query
15:53:55,Info,Executing Second Query ,Main
15:53:57,Info,Moved \\It088tvw.omnitel.it\ACC\ACC_OUTPUT\HealthCheckResult_2020-12-20-05-06-07.csv to Processed files,Main
15:53:57,Info,Processing File - \\It088tvw.omnitel.it\ACC\ACC_OUTPUT\HealthCheckResult_2020-12-20-07-06-07.csv,Main
15:53:58,Info,Daily_Monitoring incorrect value,VerifyData
15:53:58,Info,Database_Monitoring incorrect value,VerifyData
15:53:58,Info,URL_Monitoring incorrect value,VerifyData
15:53:59,Info,Memory_Monitoring incorrect value,VerifyData
15:53:59,Info,Space_Utilization_Monitoring incorrect value,VerifyData
15:53:59,Exception,Issue in sending mail for Incorrect ParametersObject reference not set to an instance of an object.,Main
15:53:59,Info,Connected to database ACCDB,Execute Non-Query
15:53:59,Info,Executed Query INSERT INTO TBL_HEALTHCHECK_PARAMS  (APPLICATION_MONITORING,BACKUP_MONITORING,BATCH_JOBS_MONITORING,DAILY_MONITORING,DATABASE_MONITORING,HEALTH_MONITORING,JOB_MONITORING,LOG_MONITORING,MESSAGE_MONITORING,PROCESS_MONITORING,QUEUE_MONITORING,SCHEDULER_MONITORING,SPACE_MONITORING,SYSTEM_MONITORING,TICKET_MONITORING,URL_MONITORING,WORKFLOW_MONITORING,FTP_MONITORING,CPU_MONITORING,MEMORY_MONITORING,SPACE_UTILIZATION_MONITORING) VALUES ('Y','X','X','N','N','X','X','Y','X','Y','X','X','Y','@{CPU Usage (%)=1.25}','X','N','X','X','0.5 %','2172680','75.40');,Execute Non-Query
15:53:59,Info,First Query Executed ,Main
15:53:59,Info,Connected to database ACCDB,Execute Non-Query
15:54:00,Info,Executed Query INSERT INTO TBL_HEALTHCHECK (PARAM_ID,APPLICATION,SERVER,OUTPUT_FILENAME,OUTPUT_FILEPATH,STATUS,ERROR_DATA)VALUES ((SELECT MAX(ID) from TBL_HEALTHCHECK_PARAMS),'CRP_PRE4','It088tvw.omnitel.it','T\HealthCheckResult_2020-12-20-07-06-07.csv','\\It088tvw.omnitel.it\ACC\ACC_OUTPUT\','n','SMTP Connectivity failed, please check the configurations');,Execute Non-Query
15:54:00,Info,Executing Second Query ,Main
15:54:01,Info,Moved \\It088tvw.omnitel.it\ACC\ACC_OUTPUT\HealthCheckResult_2020-12-20-07-06-07.csv to Processed files,Main
15:54:02,Info,Processing File - \\It088tvw.omnitel.it\ACC\ACC_OUTPUT\HealthCheckResult_2020-12-20-09-06-07.csv,Main
15:54:03,Info,Daily_Monitoring incorrect value,VerifyData
15:54:03,Info,Database_Monitoring incorrect value,VerifyData
15:54:03,Info,URL_Monitoring incorrect value,VerifyData
15:54:03,Info,Memory_Monitoring incorrect value,VerifyData
15:54:03,Info,Space_Utilization_Monitoring incorrect value,VerifyData
15:54:03,Exception,Issue in sending mail for Incorrect ParametersObject reference not set to an instance of an object.,Main
15:54:03,Info,Connected to database ACCDB,Execute Non-Query
15:54:04,Info,Executed Query INSERT INTO TBL_HEALTHCHECK_PARAMS  (APPLICATION_MONITORING,BACKUP_MONITORING,BATCH_JOBS_MONITORING,DAILY_MONITORING,DATABASE_MONITORING,HEALTH_MONITORING,JOB_MONITORING,LOG_MONITORING,MESSAGE_MONITORING,PROCESS_MONITORING,QUEUE_MONITORING,SCHEDULER_MONITORING,SPACE_MONITORING,SYSTEM_MONITORING,TICKET_MONITORING,URL_MONITORING,WORKFLOW_MONITORING,FTP_MONITORING,CPU_MONITORING,MEMORY_MONITORING,SPACE_UTILIZATION_MONITORING) VALUES ('Y','X','X','N','N','X','X','Y','X','Y','X','X','Y','@{CPU Usage (%)=0.25}','X','N','X','X','1 %','2176196','75.40');,Execute Non-Query
15:54:04,Info,First Query Executed ,Main
15:54:04,Info,Connected to database ACCDB,Execute Non-Query
15:54:04,Info,Executed Query INSERT INTO TBL_HEALTHCHECK (PARAM_ID,APPLICATION,SERVER,OUTPUT_FILENAME,OUTPUT_FILEPATH,STATUS,ERROR_DATA)VALUES ((SELECT MAX(ID) from TBL_HEALTHCHECK_PARAMS),'CRP_PRE4','It088tvw.omnitel.it','T\HealthCheckResult_2020-12-20-09-06-07.csv','\\It088tvw.omnitel.it\ACC\ACC_OUTPUT\','n','SMTP Connectivity failed, please check the configurations');,Execute Non-Query
15:54:04,Info,Executing Second Query ,Main
15:54:06,Info,Moved \\It088tvw.omnitel.it\ACC\ACC_OUTPUT\HealthCheckResult_2020-12-20-09-06-07.csv to Processed files,Main
15:54:07,Info,Processing File - \\It088tvw.omnitel.it\ACC\ACC_OUTPUT\HealthCheckResult_2020-12-20-11-06-07.csv,Main
15:54:08,Info,Daily_Monitoring incorrect value,VerifyData
15:54:08,Info,Database_Monitoring incorrect value,VerifyData
15:54:08,Info,URL_Monitoring incorrect value,VerifyData
15:54:08,Info,Memory_Monitoring incorrect value,VerifyData
15:54:08,Info,Space_Utilization_Monitoring incorrect value,VerifyData
15:54:08,Exception,Issue in sending mail for Incorrect ParametersObject reference not set to an instance of an object.,Main
15:54:08,Info,Connected to database ACCDB,Execute Non-Query
15:54:09,Info,Executed Query INSERT INTO TBL_HEALTHCHECK_PARAMS  (APPLICATION_MONITORING,BACKUP_MONITORING,BATCH_JOBS_MONITORING,DAILY_MONITORING,DATABASE_MONITORING,HEALTH_MONITORING,JOB_MONITORING,LOG_MONITORING,MESSAGE_MONITORING,PROCESS_MONITORING,QUEUE_MONITORING,SCHEDULER_MONITORING,SPACE_MONITORING,SYSTEM_MONITORING,TICKET_MONITORING,URL_MONITORING,WORKFLOW_MONITORING,FTP_MONITORING,CPU_MONITORING,MEMORY_MONITORING,SPACE_UTILIZATION_MONITORING) VALUES ('Y','X','X','N','N','X','X','Y','X','Y','X','X','Y','@{CPU Usage (%)=0.75}','X','N','X','X','0.5 %','2169412','75.40');,Execute Non-Query
15:54:09,Info,First Query Executed ,Main
15:54:09,Info,Connected to database ACCDB,Execute Non-Query
15:54:09,Info,Executed Query INSERT INTO TBL_HEALTHCHECK (PARAM_ID,APPLICATION,SERVER,OUTPUT_FILENAME,OUTPUT_FILEPATH,STATUS,ERROR_DATA)VALUES ((SELECT MAX(ID) from TBL_HEALTHCHECK_PARAMS),'CRP_PRE4','It088tvw.omnitel.it','T\HealthCheckResult_2020-12-20-11-06-07.csv','\\It088tvw.omnitel.it\ACC\ACC_OUTPUT\','n','SMTP Connectivity failed, please check the configurations');,Execute Non-Query
15:54:09,Info,Executing Second Query ,Main
15:54:12,Info,Moved \\It088tvw.omnitel.it\ACC\ACC_OUTPUT\HealthCheckResult_2020-12-20-11-06-07.csv to Processed files,Main
15:54:12,Info,Processing File - \\It088tvw.omnitel.it\ACC\ACC_OUTPUT\HealthCheckResult_2020-12-20-13-06-07.csv,Main
15:54:13,Info,Daily_Monitoring incorrect value,VerifyData
15:54:13,Info,Database_Monitoring incorrect value,VerifyData
15:54:14,Info,URL_Monitoring incorrect value,VerifyData
15:54:14,Info,Memory_Monitoring incorrect value,VerifyData
15:54:14,Info,Space_Utilization_Monitoring incorrect value,VerifyData
15:54:14,Exception,Issue in sending mail for Incorrect ParametersObject reference not set to an instance of an object.,Main
15:54:14,Info,Connected to database ACCDB,Execute Non-Query
15:54:14,Info,Executed Query INSERT INTO TBL_HEALTHCHECK_PARAMS  (APPLICATION_MONITORING,BACKUP_MONITORING,BATCH_JOBS_MONITORING,DAILY_MONITORING,DATABASE_MONITORING,HEALTH_MONITORING,JOB_MONITORING,LOG_MONITORING,MESSAGE_MONITORING,PROCESS_MONITORING,QUEUE_MONITORING,SCHEDULER_MONITORING,SPACE_MONITORING,SYSTEM_MONITORING,TICKET_MONITORING,URL_MONITORING,WORKFLOW_MONITORING,FTP_MONITORING,CPU_MONITORING,MEMORY_MONITORING,SPACE_UTILIZATION_MONITORING) VALUES ('Y','X','X','N','N','X','X','Y','X','Y','X','X','Y','@{CPU Usage (%)=1.25}','X','N','X','X','0.5 %','2098136','75.40');,Execute Non-Query
15:54:14,Info,First Query Executed ,Main
15:54:15,Info,Connected to database ACCDB,Execute Non-Query
15:54:15,Info,Executed Query INSERT INTO TBL_HEALTHCHECK (PARAM_ID,APPLICATION,SERVER,OUTPUT_FILENAME,OUTPUT_FILEPATH,STATUS,ERROR_DATA)VALUES ((SELECT MAX(ID) from TBL_HEALTHCHECK_PARAMS),'CRP_PRE4','It088tvw.omnitel.it','T\HealthCheckResult_2020-12-20-13-06-07.csv','\\It088tvw.omnitel.it\ACC\ACC_OUTPUT\','n','SMTP Connectivity failed, please check the configurations');,Execute Non-Query
15:54:15,Info,Executing Second Query ,Main
15:54:17,Info,Moved \\It088tvw.omnitel.it\ACC\ACC_OUTPUT\HealthCheckResult_2020-12-20-13-06-07.csv to Processed files,Main
15:54:17,Info,Processing File - \\It088tvw.omnitel.it\ACC\ACC_OUTPUT\HealthCheckResult_2020-12-20-15-06-07.csv,Main
15:54:18,Info,Daily_Monitoring incorrect value,VerifyData
15:54:19,Info,Database_Monitoring incorrect value,VerifyData
15:54:19,Info,URL_Monitoring incorrect value,VerifyData
15:54:19,Info,Memory_Monitoring incorrect value,VerifyData
15:54:19,Info,Space_Utilization_Monitoring incorrect value,VerifyData
15:54:19,Exception,Issue in sending mail for Incorrect ParametersObject reference not set to an instance of an object.,Main
15:54:19,Info,Connected to database ACCDB,Execute Non-Query
15:54:19,Info,Executed Query INSERT INTO TBL_HEALTHCHECK_PARAMS  (APPLICATION_MONITORING,BACKUP_MONITORING,BATCH_JOBS_MONITORING,DAILY_MONITORING,DATABASE_MONITORING,HEALTH_MONITORING,JOB_MONITORING,LOG_MONITORING,MESSAGE_MONITORING,PROCESS_MONITORING,QUEUE_MONITORING,SCHEDULER_MONITORING,SPACE_MONITORING,SYSTEM_MONITORING,TICKET_MONITORING,URL_MONITORING,WORKFLOW_MONITORING,FTP_MONITORING,CPU_MONITORING,MEMORY_MONITORING,SPACE_UTILIZATION_MONITORING) VALUES ('Y','X','X','N','N','X','X','Y','X','Y','X','X','Y','@{CPU Usage (%)=0.75}','X','N','X','X','0.75 %','2104132','75.40');,Execute Non-Query
15:54:20,Info,First Query Executed ,Main
15:54:20,Info,Connected to database ACCDB,Execute Non-Query
15:54:20,Info,Executed Query INSERT INTO TBL_HEALTHCHECK (PARAM_ID,APPLICATION,SERVER,OUTPUT_FILENAME,OUTPUT_FILEPATH,STATUS,ERROR_DATA)VALUES ((SELECT MAX(ID) from TBL_HEALTHCHECK_PARAMS),'CRP_PRE4','It088tvw.omnitel.it','T\HealthCheckResult_2020-12-20-15-06-07.csv','\\It088tvw.omnitel.it\ACC\ACC_OUTPUT\','n','SMTP Connectivity failed, please check the configurations');,Execute Non-Query
15:54:20,Info,Executing Second Query ,Main
15:54:22,Info,Moved \\It088tvw.omnitel.it\ACC\ACC_OUTPUT\HealthCheckResult_2020-12-20-15-06-07.csv to Processed files,Main
15:54:22,Info,Processing File - \\It088tvw.omnitel.it\ACC\ACC_OUTPUT\HealthCheckResult_2020-12-20-17-06-07.csv,Main
15:54:24,Info,Daily_Monitoring incorrect value,VerifyData
15:54:24,Info,Database_Monitoring incorrect value,VerifyData
15:54:24,Info,URL_Monitoring incorrect value,VerifyData
15:54:24,Info,Memory_Monitoring incorrect value,VerifyData
15:54:24,Info,Space_Utilization_Monitoring incorrect value,VerifyData
15:54:24,Exception,Issue in sending mail for Incorrect ParametersObject reference not set to an instance of an object.,Main
15:54:24,Info,Connected to database ACCDB,Execute Non-Query
15:54:25,Info,Executed Query INSERT INTO TBL_HEALTHCHECK_PARAMS  (APPLICATION_MONITORING,BACKUP_MONITORING,BATCH_JOBS_MONITORING,DAILY_MONITORING,DATABASE_MONITORING,HEALTH_MONITORING,JOB_MONITORING,LOG_MONITORING,MESSAGE_MONITORING,PROCESS_MONITORING,QUEUE_MONITORING,SCHEDULER_MONITORING,SPACE_MONITORING,SYSTEM_MONITORING,TICKET_MONITORING,URL_MONITORING,WORKFLOW_MONITORING,FTP_MONITORING,CPU_MONITORING,MEMORY_MONITORING,SPACE_UTILIZATION_MONITORING) VALUES ('Y','X','X','N','N','X','X','Y','X','Y','X','X','Y','@{CPU Usage (%)=1}','X','N','X','X','0.5 %','2102276','75.39');,Execute Non-Query
15:54:25,Info,First Query Executed ,Main
15:54:25,Info,Connected to database ACCDB,Execute Non-Query
15:54:25,Info,Executed Query INSERT INTO TBL_HEALTHCHECK (PARAM_ID,APPLICATION,SERVER,OUTPUT_FILENAME,OUTPUT_FILEPATH,STATUS,ERROR_DATA)VALUES ((SELECT MAX(ID) from TBL_HEALTHCHECK_PARAMS),'CRP_PRE4','It088tvw.omnitel.it','T\HealthCheckResult_2020-12-20-17-06-07.csv','\\It088tvw.omnitel.it\ACC\ACC_OUTPUT\','n','SMTP Connectivity failed, please check the configurations');,Execute Non-Query
15:54:25,Info,Executing Second Query ,Main
15:54:27,Info,Moved \\It088tvw.omnitel.it\ACC\ACC_OUTPUT\HealthCheckResult_2020-12-20-17-06-07.csv to Processed files,Main
15:54:27,Info,Processing File - \\It088tvw.omnitel.it\ACC\ACC_OUTPUT\HealthCheckResult_2020-12-20-19-06-07.csv,Main
15:54:28,Info,Daily_Monitoring incorrect value,VerifyData
15:54:28,Info,Database_Monitoring incorrect value,VerifyData
15:54:29,Info,URL_Monitoring incorrect value,VerifyData
15:54:29,Info,Memory_Monitoring incorrect value,VerifyData
15:54:29,Info,Space_Utilization_Monitoring incorrect value,VerifyData
15:54:29,Exception,Issue in sending mail for Incorrect ParametersObject reference not set to an instance of an object.,Main
15:54:29,Info,Connected to database ACCDB,Execute Non-Query
15:54:29,Info,Executed Query INSERT INTO TBL_HEALTHCHECK_PARAMS  (APPLICATION_MONITORING,BACKUP_MONITORING,BATCH_JOBS_MONITORING,DAILY_MONITORING,DATABASE_MONITORING,HEALTH_MONITORING,JOB_MONITORING,LOG_MONITORING,MESSAGE_MONITORING,PROCESS_MONITORING,QUEUE_MONITORING,SCHEDULER_MONITORING,SPACE_MONITORING,SYSTEM_MONITORING,TICKET_MONITORING,URL_MONITORING,WORKFLOW_MONITORING,FTP_MONITORING,CPU_MONITORING,MEMORY_MONITORING,SPACE_UTILIZATION_MONITORING) VALUES ('Y','X','X','N','N','X','X','Y','X','Y','X','X','Y','@{CPU Usage (%)=3.75}','X','N','X','X','0.5 %','2104904','75.40');,Execute Non-Query
15:54:29,Info,First Query Executed ,Main
15:54:30,Info,Connected to database ACCDB,Execute Non-Query
15:54:30,Info,Executed Query INSERT INTO TBL_HEALTHCHECK (PARAM_ID,APPLICATION,SERVER,OUTPUT_FILENAME,OUTPUT_FILEPATH,STATUS,ERROR_DATA)VALUES ((SELECT MAX(ID) from TBL_HEALTHCHECK_PARAMS),'CRP_PRE4','It088tvw.omnitel.it','T\HealthCheckResult_2020-12-20-19-06-07.csv','\\It088tvw.omnitel.it\ACC\ACC_OUTPUT\','n','SMTP Connectivity failed, please check the configurations');,Execute Non-Query
15:54:30,Info,Executing Second Query ,Main
15:54:32,Info,Moved \\It088tvw.omnitel.it\ACC\ACC_OUTPUT\HealthCheckResult_2020-12-20-19-06-07.csv to Processed files,Main
15:54:32,Info,Processing File - \\It088tvw.omnitel.it\ACC\ACC_OUTPUT\HealthCheckResult_2020-12-20-21-06-07.csv,Main
15:54:33,Info,Daily_Monitoring incorrect value,VerifyData
15:54:33,Info,Database_Monitoring incorrect value,VerifyData
15:54:33,Info,URL_Monitoring incorrect value,VerifyData
15:54:33,Info,Memory_Monitoring incorrect value,VerifyData
15:54:34,Info,Space_Utilization_Monitoring incorrect value,VerifyData
15:54:34,Exception,Issue in sending mail for Incorrect ParametersObject reference not set to an instance of an object.,Main
15:54:34,Info,Connected to database ACCDB,Execute Non-Query
15:54:34,Info,Executed Query INSERT INTO TBL_HEALTHCHECK_PARAMS  (APPLICATION_MONITORING,BACKUP_MONITORING,BATCH_JOBS_MONITORING,DAILY_MONITORING,DATABASE_MONITORING,HEALTH_MONITORING,JOB_MONITORING,LOG_MONITORING,MESSAGE_MONITORING,PROCESS_MONITORING,QUEUE_MONITORING,SCHEDULER_MONITORING,SPACE_MONITORING,SYSTEM_MONITORING,TICKET_MONITORING,URL_MONITORING,WORKFLOW_MONITORING,FTP_MONITORING,CPU_MONITORING,MEMORY_MONITORING,SPACE_UTILIZATION_MONITORING) VALUES ('Y','X','X','N','N','X','X','Y','X','Y','X','X','Y','@{CPU Usage (%)=1.25}','X','N','X','X','1.25 %','2104932','75.41');,Execute Non-Query
15:54:34,Info,First Query Executed ,Main
15:54:34,Info,Connected to database ACCDB,Execute Non-Query
15:54:35,Info,Executed Query INSERT INTO TBL_HEALTHCHECK (PARAM_ID,APPLICATION,SERVER,OUTPUT_FILENAME,OUTPUT_FILEPATH,STATUS,ERROR_DATA)VALUES ((SELECT MAX(ID) from TBL_HEALTHCHECK_PARAMS),'CRP_PRE4','It088tvw.omnitel.it','T\HealthCheckResult_2020-12-20-21-06-07.csv','\\It088tvw.omnitel.it\ACC\ACC_OUTPUT\','n','SMTP Connectivity failed, please check the configurations');,Execute Non-Query
15:54:35,Info,Executing Second Query ,Main
15:54:37,Info,Moved \\It088tvw.omnitel.it\ACC\ACC_OUTPUT\HealthCheckResult_2020-12-20-21-06-07.csv to Processed files,Main
15:54:37,Info,Processing File - \\It088tvw.omnitel.it\ACC\ACC_OUTPUT\HealthCheckResult_2020-12-20-23-06-07.csv,Main
15:54:38,Info,Daily_Monitoring incorrect value,VerifyData
15:54:38,Info,Database_Monitoring incorrect value,VerifyData
15:54:38,Info,URL_Monitoring incorrect value,VerifyData
15:54:39,Info,Memory_Monitoring incorrect value,VerifyData
15:54:39,Info,Space_Utilization_Monitoring incorrect value,VerifyData
15:54:39,Exception,Issue in sending mail for Incorrect ParametersObject reference not set to an instance of an object.,Main
15:54:39,Info,Connected to database ACCDB,Execute Non-Query
15:54:39,Info,Executed Query INSERT INTO TBL_HEALTHCHECK_PARAMS  (APPLICATION_MONITORING,BACKUP_MONITORING,BATCH_JOBS_MONITORING,DAILY_MONITORING,DATABASE_MONITORING,HEALTH_MONITORING,JOB_MONITORING,LOG_MONITORING,MESSAGE_MONITORING,PROCESS_MONITORING,QUEUE_MONITORING,SCHEDULER_MONITORING,SPACE_MONITORING,SYSTEM_MONITORING,TICKET_MONITORING,URL_MONITORING,WORKFLOW_MONITORING,FTP_MONITORING,CPU_MONITORING,MEMORY_MONITORING,SPACE_UTILIZATION_MONITORING) VALUES ('Y','X','X','N','N','X','X','Y','X','Y','X','X','Y','@{CPU Usage (%)=0.5}','X','N','X','X','0.25 %','2090628','75.41');,Execute Non-Query
15:54:39,Info,First Query Executed ,Main
15:54:40,Info,Connected to database ACCDB,Execute Non-Query
15:54:40,Info,Executed Query INSERT INTO TBL_HEALTHCHECK (PARAM_ID,APPLICATION,SERVER,OUTPUT_FILENAME,OUTPUT_FILEPATH,STATUS,ERROR_DATA)VALUES ((SELECT MAX(ID) from TBL_HEALTHCHECK_PARAMS),'CRP_PRE4','It088tvw.omnitel.it','T\HealthCheckResult_2020-12-20-23-06-07.csv','\\It088tvw.omnitel.it\ACC\ACC_OUTPUT\','n','SMTP Connectivity failed, please check the configurations');,Execute Non-Query
15:54:40,Info,Executing Second Query ,Main
15:54:42,Info,Moved \\It088tvw.omnitel.it\ACC\ACC_OUTPUT\HealthCheckResult_2020-12-20-23-06-07.csv to Processed files,Main
15:54:42,Info,Processing File - \\It088tvw.omnitel.it\ACC\ACC_OUTPUT\HealthCheckResult_2020-12-21-01-06-07.csv,Main
15:54:44,Info,Daily_Monitoring incorrect value,VerifyData
15:54:44,Info,Database_Monitoring incorrect value,VerifyData
15:54:44,Info,URL_Monitoring incorrect value,VerifyData
15:54:44,Info,Memory_Monitoring incorrect value,VerifyData
15:54:44,Info,Space_Utilization_Monitoring incorrect value,VerifyData
15:54:44,Exception,Issue in sending mail for Incorrect ParametersObject reference not set to an instance of an object.,Main
15:54:44,Info,Connected to database ACCDB,Execute Non-Query
15:54:45,Info,Executed Query INSERT INTO TBL_HEALTHCHECK_PARAMS  (APPLICATION_MONITORING,BACKUP_MONITORING,BATCH_JOBS_MONITORING,DAILY_MONITORING,DATABASE_MONITORING,HEALTH_MONITORING,JOB_MONITORING,LOG_MONITORING,MESSAGE_MONITORING,PROCESS_MONITORING,QUEUE_MONITORING,SCHEDULER_MONITORING,SPACE_MONITORING,SYSTEM_MONITORING,TICKET_MONITORING,URL_MONITORING,WORKFLOW_MONITORING,FTP_MONITORING,CPU_MONITORING,MEMORY_MONITORING,SPACE_UTILIZATION_MONITORING) VALUES ('Y','X','X','N','N','X','X','Y','X','Y','X','X','Y','@{CPU Usage (%)=0.25}','X','N','X','X','0.75 %','2070728','75.40');,Execute Non-Query
15:54:45,Info,First Query Executed ,Main
15:54:45,Info,Connected to database ACCDB,Execute Non-Query
15:54:45,Info,Executed Query INSERT INTO TBL_HEALTHCHECK (PARAM_ID,APPLICATION,SERVER,OUTPUT_FILENAME,OUTPUT_FILEPATH,STATUS,ERROR_DATA)VALUES ((SELECT MAX(ID) from TBL_HEALTHCHECK_PARAMS),'CRP_PRE4','It088tvw.omnitel.it','T\HealthCheckResult_2020-12-21-01-06-07.csv','\\It088tvw.omnitel.it\ACC\ACC_OUTPUT\','n','SMTP Connectivity failed, please check the configurations');,Execute Non-Query
15:54:45,Info,Executing Second Query ,Main
15:54:48,Info,Moved \\It088tvw.omnitel.it\ACC\ACC_OUTPUT\HealthCheckResult_2020-12-21-01-06-07.csv to Processed files,Main
15:54:48,Info,Processing File - \\It088tvw.omnitel.it\ACC\ACC_OUTPUT\HealthCheckResult_2020-12-21-03-06-07.csv,Main
15:54:49,Info,Daily_Monitoring incorrect value,VerifyData
15:54:49,Info,Database_Monitoring incorrect value,VerifyData
15:54:49,Info,URL_Monitoring incorrect value,VerifyData
15:54:49,Info,Memory_Monitoring incorrect value,VerifyData
15:54:49,Info,Space_Utilization_Monitoring incorrect value,VerifyData
15:54:49,Exception,Issue in sending mail for Incorrect ParametersObject reference not set to an instance of an object.,Main
15:54:50,Info,Connected to database ACCDB,Execute Non-Query
15:54:50,Info,Executed Query INSERT INTO TBL_HEALTHCHECK_PARAMS  (APPLICATION_MONITORING,BACKUP_MONITORING,BATCH_JOBS_MONITORING,DAILY_MONITORING,DATABASE_MONITORING,HEALTH_MONITORING,JOB_MONITORING,LOG_MONITORING,MESSAGE_MONITORING,PROCESS_MONITORING,QUEUE_MONITORING,SCHEDULER_MONITORING,SPACE_MONITORING,SYSTEM_MONITORING,TICKET_MONITORING,URL_MONITORING,WORKFLOW_MONITORING,FTP_MONITORING,CPU_MONITORING,MEMORY_MONITORING,SPACE_UTILIZATION_MONITORING) VALUES ('Y','X','X','N','N','X','X','Y','X','Y','X','X','Y','@{CPU Usage (%)=0.5}','X','N','X','X','0.25 %','2086164','75.40');,Execute Non-Query
15:54:50,Info,First Query Executed ,Main
15:54:50,Info,Connected to database ACCDB,Execute Non-Query
15:54:50,Info,Executed Query INSERT INTO TBL_HEALTHCHECK (PARAM_ID,APPLICATION,SERVER,OUTPUT_FILENAME,OUTPUT_FILEPATH,STATUS,ERROR_DATA)VALUES ((SELECT MAX(ID) from TBL_HEALTHCHECK_PARAMS),'CRP_PRE4','It088tvw.omnitel.it','T\HealthCheckResult_2020-12-21-03-06-07.csv','\\It088tvw.omnitel.it\ACC\ACC_OUTPUT\','n','SMTP Connectivity failed, please check the configurations');,Execute Non-Query
15:54:51,Info,Executing Second Query ,Main
15:54:53,Info,Moved \\It088tvw.omnitel.it\ACC\ACC_OUTPUT\HealthCheckResult_2020-12-21-03-06-07.csv to Processed files,Main
15:54:53,Info,Processing File - \\It088tvw.omnitel.it\ACC\ACC_OUTPUT\HealthCheckResult_2020-12-21-05-06-07.csv,Main
15:54:54,Info,Daily_Monitoring incorrect value,VerifyData
15:54:54,Info,Database_Monitoring incorrect value,VerifyData
15:54:54,Info,URL_Monitoring incorrect value,VerifyData
15:54:55,Info,Memory_Monitoring incorrect value,VerifyData
15:54:55,Info,Space_Utilization_Monitoring incorrect value,VerifyData
15:54:55,Exception,Issue in sending mail for Incorrect ParametersObject reference not set to an instance of an object.,Main
15:54:55,Info,Connected to database ACCDB,Execute Non-Query
15:54:55,Info,Executed Query INSERT INTO TBL_HEALTHCHECK_PARAMS  (APPLICATION_MONITORING,BACKUP_MONITORING,BATCH_JOBS_MONITORING,DAILY_MONITORING,DATABASE_MONITORING,HEALTH_MONITORING,JOB_MONITORING,LOG_MONITORING,MESSAGE_MONITORING,PROCESS_MONITORING,QUEUE_MONITORING,SCHEDULER_MONITORING,SPACE_MONITORING,SYSTEM_MONITORING,TICKET_MONITORING,URL_MONITORING,WORKFLOW_MONITORING,FTP_MONITORING,CPU_MONITORING,MEMORY_MONITORING,SPACE_UTILIZATION_MONITORING) VALUES ('Y','X','X','N','N','X','X','Y','X','Y','X','X','Y','@{CPU Usage (%)=0.25}','X','N','X','X','0.75 %','2107964','75.40');,Execute Non-Query
15:54:55,Info,First Query Executed ,Main
15:54:55,Info,Connected to database ACCDB,Execute Non-Query
15:54:56,Info,Executed Query INSERT INTO TBL_HEALTHCHECK (PARAM_ID,APPLICATION,SERVER,OUTPUT_FILENAME,OUTPUT_FILEPATH,STATUS,ERROR_DATA)VALUES ((SELECT MAX(ID) from TBL_HEALTHCHECK_PARAMS),'CRP_PRE4','It088tvw.omnitel.it','T\HealthCheckResult_2020-12-21-05-06-07.csv','\\It088tvw.omnitel.it\ACC\ACC_OUTPUT\','n','SMTP Connectivity failed, please check the configurations');,Execute Non-Query
15:54:56,Info,Executing Second Query ,Main
15:54:58,Info,Moved \\It088tvw.omnitel.it\ACC\ACC_OUTPUT\HealthCheckResult_2020-12-21-05-06-07.csv to Processed files,Main
15:54:58,Info,Processing File - \\It088tvw.omnitel.it\ACC\ACC_OUTPUT\HealthCheckResult_2020-12-21-07-06-07.csv,Main