﻿Time,Log Level, Log Message, Source
22:14:56,Info,Initializing all applications,Initialize
22:14:58,Info,Connected to database ACCDB,Execute Query
22:14:58,Info,Executed Query SELECT * FROM TBL_APPLICATIONS,Execute Query
22:14:58,Info,Got server list from database ,Main
22:14:58,Info,it207rvw.omnitel.it already mapped,Main
22:14:59,Info,7 files found for processing,Main
22:14:59,Info,Processing File - \\it207rvw.omnitel.it\ACC\ACC_OUTPUT\HealthCheckResult_2020-12-21-04-52-15.csv,Main
22:14:59,Exception,Sending Exception Mail for Index was outside the bounds of the array. in Reading csv file and veriffying data,Main