﻿Time,Log Level, Log Message, Source
21:29:36,Info,Initializing all applications,Initialize
21:29:37,Info,Connected to database ACCDB,Execute Query
21:29:37,Info,Executed Query SELECT * FROM TBL_APPLICATIONS,Execute Query
21:29:37,Info,Got server list from database ,Main
21:29:37,Info,it207rvw.omnitel.it already mapped,Main
21:29:38,Info,9 files found for processing,Main
21:29:38,Info,Processing File - \\it207rvw.omnitel.it\ACC\ACC_OUTPUT\HealthCheckResult_2020-12-21-04-29-24.csv,Main
21:29:38,Info,Daily_Monitoring incorrect value,VerifyData
21:29:39,Info,Health_Monitoring incorrect value,VerifyData
21:29:39,Info,URL_Monitoring incorrect value,VerifyData
21:29:39,Exception,Issue in sending mail for Incorrect ParametersObject reference not set to an instance of an object.,Main
21:29:39,Info,Connected to database ACCDB,Execute Non-Query
21:29:39,Info,Executed Query INSERT INTO TBL_HEALTHCHECK_PARAMS  (APPLICATION_MONITORING,BACKUP_MONITORING,BATCH_JOBS_MONITORING,DAILY_MONITORING,DATABASE_MONITORING,HEALTH_MONITORING,JOB_MONITORING,LOG_MONITORING,MESSAGE_MONITORING,PROCESS_MONITORING,QUEUE_MONITORING,SCHEDULER_MONITORING,SPACE_MONITORING,SYSTEM_MONITORING,TICKET_MONITORING,URL_MONITORING,WORKFLOW_MONITORING,FTP_MONITORING,CPU_MONITORING,MEMORY_MONITORING,SPACE_UTILIZATION_MONITORING) VALUES ('Y','X','X','N','Y','N','X','Y','X','Y','X','X','Y','Y','X','N','X','X','1.25','53.8','69.85');,Execute Non-Query
21:29:39,Info,First Query Executed ,Main
21:29:39,Info,Connected to database ACCDB,Execute Non-Query
21:29:40,Info,Executed Query INSERT INTO TBL_HEALTHCHECK (PARAM_ID,APPLICATION,SERVER,OUTPUT_FILENAME,OUTPUT_FILEPATH,STATUS,ERROR_DATA)VALUES ((SELECT MAX(ID) from TBL_HEALTHCHECK_PARAMS),'CRP_PRE_COMM','it207rvw.omnitel.it','T\HealthCheckResult_2020-12-21-04-29-24.csv','\\it207rvw.omnitel.it\ACC\ACC_OUTPUT\','n','SMTP Connectivity failed, please check the configurations');,Execute Non-Query
21:29:40,Info,Executing Second Query ,Main
21:29:42,Info,Moved \\it207rvw.omnitel.it\ACC\ACC_OUTPUT\HealthCheckResult_2020-12-21-04-29-24.csv to Processed files,Main
21:29:42,Info,Processing File - \\it207rvw.omnitel.it\ACC\ACC_OUTPUT\HealthCheckResult_2020-12-21-04-34-39.csv,Main
21:29:43,Exception,Sending Exception Mail for Index was outside the bounds of the array. in Reading csv file and veriffying data,Main