﻿Time,Log Level, Log Message, Source
16:46:24,Info,Initializing all applications,Initialize
16:46:28,Info,Connected to database ACCDB,Execute Query
16:46:28,Info,Executed Query SELECT * FROM TBL_APPLICATIONS WHERE APPLICATION = 'CRP_TEST',Execute Query
16:46:29,Info,Got server list from database ,Main
16:46:30,Info,it222tvw.omnitel.it already mapped,Main
16:46:31,Info,115 files found for processing,Main
16:47:14,Info,Processing File - \\it222tvw.omnitel.it\ACC\ACC_OUTPUT\HealthCheckResult_2021-07-14-00-04-34.csv,Main
16:51:24,Info,Daily_Monitoring incorrect value,VerifyData
16:52:08,Info,Database_Monitoring incorrect value,VerifyData
16:53:51,Info,URL_Monitoring incorrect value,VerifyData
16:58:48,Exception,Issue in sending mail for Incorrect ParametersObject reference not set to an instance of an object.,Main
16:58:54,Info,Connected to database ACCDB,Execute Non-Query
16:58:55,Info,Executed Query INSERT INTO TBL_HEALTHCHECK_PARAMS  (APPLICATION_MONITORING,BACKUP_MONITORING,BATCH_JOBS_MONITORING,DAILY_MONITORING,DATABASE_MONITORING,HEALTH_MONITORING,JOB_MONITORING,LOG_MONITORING,MESSAGE_MONITORING,PROCESS_MONITORING,QUEUE_MONITORING,SCHEDULER_MONITORING,SPACE_MONITORING,SYSTEM_MONITORING,TICKET_MONITORING,URL_MONITORING,WORKFLOW_MONITORING,FTP_MONITORING,CPU_MONITORING,MEMORY_MONITORING,SPACE_UTILIZATION_MONITORING) VALUES ('Y','X','X','N','N','Y','X','Y','X','Y','X','X','Y','Y','X','N','X','X','1.25','53.9','67.29');,Execute Non-Query
16:58:56,Info,First Query Executed ,Main
16:58:58,Info,Connected to database ACCDB,Execute Non-Query
16:58:58,Info,Executed Query INSERT INTO TBL_HEALTHCHECK (PARAM_ID,APPLICATION,SERVER,OUTPUT_FILENAME,OUTPUT_FILEPATH,STATUS,ERROR_DATA)VALUES ((SELECT MAX(ID) from TBL_HEALTHCHECK_PARAMS),'CRP_TEST','it222tvw.omnitel.it','T\HealthCheckResult_2021-07-14-00-04-34.csv','\\it222tvw.omnitel.it\ACC\ACC_OUTPUT\','n','SMTP Connectivity failed, please check the configurations');,Execute Non-Query
16:58:59,Info,Executing Second Query ,Main
16:59:04,Info,Moved \\it222tvw.omnitel.it\ACC\ACC_OUTPUT\HealthCheckResult_2021-07-14-00-04-34.csv to Processed files,Main
16:59:13,Info,Processing File - \\it222tvw.omnitel.it\ACC\ACC_OUTPUT\HealthCheckResult_2021-07-14-02-04-34.csv,Main
16:59:18,Info,Daily_Monitoring incorrect value,VerifyData
16:59:19,Info,Database_Monitoring incorrect value,VerifyData
16:59:23,Info,URL_Monitoring incorrect value,VerifyData