﻿Time,Log Level, Log Message, Source
16:43:30,Info,Initializing all applications,Initialize
16:43:33,Info,Connected to database ACCDB,Execute Query
16:43:34,Info,Executed Query SELECT * FROM TBL_APPLICATIONS WHERE APPLICATION = 'CRP_TEST',Execute Query
16:43:34,Info,Got server list from database ,Main
16:43:36,Info,it222tvw.omnitel.it already mapped,Main
16:43:38,Info,115 files found for processing,Main
16:43:39,Info,Processing File - \\it222tvw.omnitel.it\ACC\ACC_OUTPUT\HealthCheckResult_2021-07-14-00-04-34.csv,Main
16:43:41,Info,Daily_Monitoring incorrect value,VerifyData
16:43:41,Info,Database_Monitoring incorrect value,VerifyData
16:43:42,Info,URL_Monitoring incorrect value,VerifyData