﻿Time,Log Level, Log Message, Source
16:33:35,Info,Initializing all applications,Initialize
16:33:38,Info,Connected to database ACCDB,Execute Query
16:33:39,Info,Executed Query SELECT * FROM TBL_APPLICATIONS WHERE APPLICATION = 'CRP_TEST',Execute Query
16:33:39,Info,Got server list from database ,Main
16:34:14,Info,Maapping drive Successful,MapDrive
16:34:15,Info,it222tvw.omnitel.it mapped successfully,Main
16:34:31,Info,115 files found for processing,Main
16:34:31,Info,Processing File - \\it222tvw.omnitel.it\ACC\ACC_OUTPUT\HealthCheckResult_2021-07-14-00-04-34.csv,Main
16:34:34,Info,Daily_Monitoring incorrect value,VerifyData
16:34:34,Info,Database_Monitoring incorrect value,VerifyData
16:34:35,Info,URL_Monitoring incorrect value,VerifyData