﻿Time,Log Level, Log Message, Source
15:26:47,Info,Initializing all applications,Initialize
15:26:49,Info,Connected to database ACCDB,Execute Query
15:26:50,Info,Executed Query SELECT * FROM TBL_APPLICATIONS,Execute Query
15:26:50,Info,Got server list from database ,Main
15:27:10,Info,Maapping drive Successful,MapDrive
15:27:10,Info,it207rvw.omnitel.it mapped successfully,Main
15:27:11,Info,16 files found for processing,Main
15:27:11,Info,Processing File - \\it207rvw.omnitel.it\ACC\ACC_OUTPUT\HealthCheckResult_2020-12-21-04-52-15.csv,Main
15:27:12,Exception,Sending Exception Mail for Index was outside the bounds of the array. in Reading csv file and veriffying data,Main