﻿Time,Log Level, Log Message, Source
20:59:41,Info,Initializing all applications,Initialize
20:59:42,Info,Connected to database ACCDB,Execute Query
20:59:42,Info,Executed Query SELECT * FROM TBL_APPLICATIONS,Execute Query
20:59:42,Info,Got server list from database ,Main
20:59:42,Info,it207rvw.omnitel.it already mapped,Main
20:59:43,Info,9 files found for processing,Main
20:59:43,Info,Processing File - \\it207rvw.omnitel.it\ACC\ACC_OUTPUT\HealthCheckResult_2020-12-21-04-29-24.csv,Main
20:59:43,Exception,Sending Exception Mail for Index was outside the bounds of the array. in Reading csv file and veriffying data,Main