﻿Time,Log Level, Log Message, Source
16:21:25,Info,Initializing all applications,Initialize
16:21:26,Info,Connected to database ACCDB,Execute Query
16:21:27,Info,Executed Query SELECT * FROM TBL_APPLICATIONS,Execute Query
16:21:27,Info,Got server list from database ,Main
16:21:30,Info,Unmapping already mapped drive ,MapDrive
16:21:53,Info,unmapped older drive ,MapDrive
16:22:09,Info,Maapping drive Successful,MapDrive
16:22:09,Info,it207rvw.omnitel.it mapped successfully,Main
16:22:09,Info,0 files found for processing,Main
16:22:12,Info,Unmapping already mapped drive ,MapDrive
16:22:35,Info,unmapped older drive ,MapDrive
16:22:44,Info,Maapping drive Successful,MapDrive
16:22:44,Info,It088tvw.omnitel.it mapped successfully,Main
16:22:45,Info,2 files found for processing,Main
16:22:45,Info,Processing File - \\It088tvw.omnitel.it\ACC\ACC_OUTPUT\HealthCheckResult_2020-12-22-09-06-08.csv,Main
16:22:46,Info,Daily_Monitoring incorrect value,VerifyData
16:22:46,Info,Database_Monitoring incorrect value,VerifyData
16:22:46,Info,URL_Monitoring incorrect value,VerifyData
16:22:46,Info,Memory_Monitoring incorrect value,VerifyData
16:22:46,Exception,Issue in sending mail for Incorrect ParametersObject reference not set to an instance of an object.,Main
16:22:46,Info,Connected to database ACCDB,Execute Non-Query
16:22:46,Info,Executed Query INSERT INTO TBL_HEALTHCHECK_PARAMS  (APPLICATION_MONITORING,BACKUP_MONITORING,BATCH_JOBS_MONITORING,DAILY_MONITORING,DATABASE_MONITORING,HEALTH_MONITORING,JOB_MONITORING,LOG_MONITORING,MESSAGE_MONITORING,PROCESS_MONITORING,QUEUE_MONITORING,SCHEDULER_MONITORING,SPACE_MONITORING,SYSTEM_MONITORING,TICKET_MONITORING,URL_MONITORING,WORKFLOW_MONITORING,FTP_MONITORING,CPU_MONITORING,MEMORY_MONITORING,SPACE_UTILIZATION_MONITORING) VALUES ('Y','X','X','N','N','X','X','Y','X','Y','X','X','Y','@{CPU Usage (%)=1}','X','N','X','X','0.01','76.8','74.7');,Execute Non-Query
16:22:46,Info,First Query Executed ,Main
16:22:46,Info,Connected to database ACCDB,Execute Non-Query
16:22:47,Info,Executed Query INSERT INTO TBL_HEALTHCHECK (PARAM_ID,APPLICATION,SERVER,OUTPUT_FILENAME,OUTPUT_FILEPATH,STATUS,ERROR_DATA)VALUES ((SELECT MAX(ID) from TBL_HEALTHCHECK_PARAMS),'CRP_PRE4','It088tvw.omnitel.it','T\HealthCheckResult_2020-12-22-09-06-08.csv','\\It088tvw.omnitel.it\ACC\ACC_OUTPUT\','n','SMTP Connectivity failed, please check the configurations');,Execute Non-Query
16:22:47,Info,Executing Second Query ,Main
16:22:49,Info,Moved \\It088tvw.omnitel.it\ACC\ACC_OUTPUT\HealthCheckResult_2020-12-22-09-06-08.csv to Processed files,Main
16:22:49,Info,Processing File - \\It088tvw.omnitel.it\ACC\ACC_OUTPUT\HealthCheckResult_2020-12-22-11-06-07.csv,Main
16:22:49,Info,All Parameters are correct ,Main
16:22:49,Info,Connected to database ACCDB,Execute Non-Query
16:22:50,Info,Executed Query INSERT INTO TBL_HEALTHCHECK_PARAMS  (APPLICATION_MONITORING,BACKUP_MONITORING,BATCH_JOBS_MONITORING,DAILY_MONITORING,DATABASE_MONITORING,HEALTH_MONITORING,JOB_MONITORING,LOG_MONITORING,MESSAGE_MONITORING,PROCESS_MONITORING,QUEUE_MONITORING,SCHEDULER_MONITORING,SPACE_MONITORING,SYSTEM_MONITORING,TICKET_MONITORING,URL_MONITORING,WORKFLOW_MONITORING,FTP_MONITORING,CPU_MONITORING,MEMORY_MONITORING,SPACE_UTILIZATION_MONITORING) VALUES ('Y','X','X','Y','X','X','X','Y','X','Y','X','X','Y','@{CPU Usage (%)=0.75}','X','Y','X','X','67.3','74.2','35.6');,Execute Non-Query
16:22:50,Info,First Query Executed ,Main
16:22:50,Info,Connected to database ACCDB,Execute Non-Query
16:22:50,Info,Executed Query INSERT INTO TBL_HEALTHCHECK (PARAM_ID,APPLICATION,SERVER,OUTPUT_FILENAME,OUTPUT_FILEPATH,STATUS,ERROR_DATA)VALUES ((SELECT MAX(ID) from TBL_HEALTHCHECK_PARAMS),'CRP_PRE4','It088tvw.omnitel.it','T\HealthCheckResult_2020-12-22-11-06-07.csv','\\It088tvw.omnitel.it\ACC\ACC_OUTPUT\','y',' ');,Execute Non-Query
16:22:50,Info,Executing Second Query ,Main
16:22:52,Info,Moved \\It088tvw.omnitel.it\ACC\ACC_OUTPUT\HealthCheckResult_2020-12-22-11-06-07.csv to Processed files,Main
16:22:55,Info,Unmapping already mapped drive ,MapDrive
16:23:00,Info,unmapped older drive ,MapDrive
16:23:09,Info,Maapping drive Successful,MapDrive
16:23:09,Info,it222tvw.omnitel.it mapped successfully,Main
16:23:11,Info,45 files found for processing,Main
16:23:11,Info,Processing File - \\it222tvw.omnitel.it\ACC\ACC_OUTPUT\HealthCheckResult_2020-12-18-14-04-59.csv,Main
16:23:12,Info,Daily_Monitoring incorrect value,VerifyData
16:23:12,Info,Database_Monitoring incorrect value,VerifyData
16:23:12,Info,URL_Monitoring incorrect value,VerifyData
16:23:12,Info,Memory_Monitoring incorrect value,VerifyData
16:23:12,Exception,Issue in sending mail for Incorrect ParametersObject reference not set to an instance of an object.,Main
16:23:12,Info,Connected to database ACCDB,Execute Non-Query
16:23:12,Info,Executed Query INSERT INTO TBL_HEALTHCHECK_PARAMS  (APPLICATION_MONITORING,BACKUP_MONITORING,BATCH_JOBS_MONITORING,DAILY_MONITORING,DATABASE_MONITORING,HEALTH_MONITORING,JOB_MONITORING,LOG_MONITORING,MESSAGE_MONITORING,PROCESS_MONITORING,QUEUE_MONITORING,SCHEDULER_MONITORING,SPACE_MONITORING,SYSTEM_MONITORING,TICKET_MONITORING,URL_MONITORING,WORKFLOW_MONITORING,FTP_MONITORING,CPU_MONITORING,MEMORY_MONITORING,SPACE_UTILIZATION_MONITORING) VALUES ('Y','X','X','N','N','X','X','Y','X','Y','X','X','Y','@{CPU Usage (%)=7}','X','N','X','X','0.75 %','1861344','68.98');,Execute Non-Query
16:23:12,Info,First Query Executed ,Main
16:23:12,Info,Connected to database ACCDB,Execute Non-Query
16:23:13,Info,Executed Query INSERT INTO TBL_HEALTHCHECK (PARAM_ID,APPLICATION,SERVER,OUTPUT_FILENAME,OUTPUT_FILEPATH,STATUS,ERROR_DATA)VALUES ((SELECT MAX(ID) from TBL_HEALTHCHECK_PARAMS),'CRP_TEST','it222tvw.omnitel.it','T\HealthCheckResult_2020-12-18-14-04-59.csv','\\it222tvw.omnitel.it\ACC\ACC_OUTPUT\','n','SMTP Connectivity failed, please check the configurations');,Execute Non-Query
16:23:13,Info,Executing Second Query ,Main
16:23:15,Info,Moved \\it222tvw.omnitel.it\ACC\ACC_OUTPUT\HealthCheckResult_2020-12-18-14-04-59.csv to Processed files,Main
16:23:15,Info,Processing File - \\it222tvw.omnitel.it\ACC\ACC_OUTPUT\HealthCheckResult_2020-12-18-16-04-59.csv,Main
16:23:16,Info,Daily_Monitoring incorrect value,VerifyData
16:23:16,Info,Database_Monitoring incorrect value,VerifyData
16:23:16,Info,URL_Monitoring incorrect value,VerifyData
16:23:16,Info,Memory_Monitoring incorrect value,VerifyData
16:23:16,Exception,Issue in sending mail for Incorrect ParametersObject reference not set to an instance of an object.,Main
16:23:16,Info,Connected to database ACCDB,Execute Non-Query
16:23:16,Info,Executed Query INSERT INTO TBL_HEALTHCHECK_PARAMS  (APPLICATION_MONITORING,BACKUP_MONITORING,BATCH_JOBS_MONITORING,DAILY_MONITORING,DATABASE_MONITORING,HEALTH_MONITORING,JOB_MONITORING,LOG_MONITORING,MESSAGE_MONITORING,PROCESS_MONITORING,QUEUE_MONITORING,SCHEDULER_MONITORING,SPACE_MONITORING,SYSTEM_MONITORING,TICKET_MONITORING,URL_MONITORING,WORKFLOW_MONITORING,FTP_MONITORING,CPU_MONITORING,MEMORY_MONITORING,SPACE_UTILIZATION_MONITORING) VALUES ('Y','X','X','N','N','X','X','Y','X','Y','X','X','Y','@{CPU Usage (%)=4.5}','X','N','X','X','1.75 %','1887008','68.98');,Execute Non-Query
16:23:17,Info,First Query Executed ,Main
16:23:17,Info,Connected to database ACCDB,Execute Non-Query
16:23:17,Info,Executed Query INSERT INTO TBL_HEALTHCHECK (PARAM_ID,APPLICATION,SERVER,OUTPUT_FILENAME,OUTPUT_FILEPATH,STATUS,ERROR_DATA)VALUES ((SELECT MAX(ID) from TBL_HEALTHCHECK_PARAMS),'CRP_TEST','it222tvw.omnitel.it','T\HealthCheckResult_2020-12-18-16-04-59.csv','\\it222tvw.omnitel.it\ACC\ACC_OUTPUT\','n','SMTP Connectivity failed, please check the configurations');,Execute Non-Query
16:23:17,Info,Executing Second Query ,Main
16:23:19,Info,Moved \\it222tvw.omnitel.it\ACC\ACC_OUTPUT\HealthCheckResult_2020-12-18-16-04-59.csv to Processed files,Main
16:23:19,Info,Processing File - \\it222tvw.omnitel.it\ACC\ACC_OUTPUT\HealthCheckResult_2020-12-18-18-04-59.csv,Main
16:23:20,Info,Daily_Monitoring incorrect value,VerifyData
16:23:20,Info,Database_Monitoring incorrect value,VerifyData
16:23:20,Info,URL_Monitoring incorrect value,VerifyData
16:23:20,Info,Memory_Monitoring incorrect value,VerifyData
16:23:20,Exception,Issue in sending mail for Incorrect ParametersObject reference not set to an instance of an object.,Main
16:23:20,Info,Connected to database ACCDB,Execute Non-Query
16:23:21,Info,Executed Query INSERT INTO TBL_HEALTHCHECK_PARAMS  (APPLICATION_MONITORING,BACKUP_MONITORING,BATCH_JOBS_MONITORING,DAILY_MONITORING,DATABASE_MONITORING,HEALTH_MONITORING,JOB_MONITORING,LOG_MONITORING,MESSAGE_MONITORING,PROCESS_MONITORING,QUEUE_MONITORING,SCHEDULER_MONITORING,SPACE_MONITORING,SYSTEM_MONITORING,TICKET_MONITORING,URL_MONITORING,WORKFLOW_MONITORING,FTP_MONITORING,CPU_MONITORING,MEMORY_MONITORING,SPACE_UTILIZATION_MONITORING) VALUES ('Y','X','X','N','N','X','X','Y','X','Y','X','X','Y','@{CPU Usage (%)=1.5}','X','N','X','X','1 %','1891132','68.97');,Execute Non-Query
16:23:21,Info,First Query Executed ,Main
16:23:21,Info,Connected to database ACCDB,Execute Non-Query
16:23:21,Info,Executed Query INSERT INTO TBL_HEALTHCHECK (PARAM_ID,APPLICATION,SERVER,OUTPUT_FILENAME,OUTPUT_FILEPATH,STATUS,ERROR_DATA)VALUES ((SELECT MAX(ID) from TBL_HEALTHCHECK_PARAMS),'CRP_TEST','it222tvw.omnitel.it','T\HealthCheckResult_2020-12-18-18-04-59.csv','\\it222tvw.omnitel.it\ACC\ACC_OUTPUT\','n','SMTP Connectivity failed, please check the configurations');,Execute Non-Query
16:23:21,Info,Executing Second Query ,Main
16:23:23,Info,Moved \\it222tvw.omnitel.it\ACC\ACC_OUTPUT\HealthCheckResult_2020-12-18-18-04-59.csv to Processed files,Main
16:23:23,Info,Processing File - \\it222tvw.omnitel.it\ACC\ACC_OUTPUT\HealthCheckResult_2020-12-18-20-04-59.csv,Main
16:23:24,Info,Daily_Monitoring incorrect value,VerifyData
16:23:24,Info,Database_Monitoring incorrect value,VerifyData
16:23:24,Info,URL_Monitoring incorrect value,VerifyData
16:23:24,Info,Memory_Monitoring incorrect value,VerifyData
16:23:24,Exception,Issue in sending mail for Incorrect ParametersObject reference not set to an instance of an object.,Main
16:23:24,Info,Connected to database ACCDB,Execute Non-Query
16:23:25,Info,Executed Query INSERT INTO TBL_HEALTHCHECK_PARAMS  (APPLICATION_MONITORING,BACKUP_MONITORING,BATCH_JOBS_MONITORING,DAILY_MONITORING,DATABASE_MONITORING,HEALTH_MONITORING,JOB_MONITORING,LOG_MONITORING,MESSAGE_MONITORING,PROCESS_MONITORING,QUEUE_MONITORING,SCHEDULER_MONITORING,SPACE_MONITORING,SYSTEM_MONITORING,TICKET_MONITORING,URL_MONITORING,WORKFLOW_MONITORING,FTP_MONITORING,CPU_MONITORING,MEMORY_MONITORING,SPACE_UTILIZATION_MONITORING) VALUES ('Y','X','X','N','N','X','X','Y','X','Y','X','X','Y','@{CPU Usage (%)=8.25}','X','N','X','X','1.5 %','1888148','68.98');,Execute Non-Query
16:23:25,Info,First Query Executed ,Main
16:23:25,Info,Connected to database ACCDB,Execute Non-Query
16:23:25,Info,Executed Query INSERT INTO TBL_HEALTHCHECK (PARAM_ID,APPLICATION,SERVER,OUTPUT_FILENAME,OUTPUT_FILEPATH,STATUS,ERROR_DATA)VALUES ((SELECT MAX(ID) from TBL_HEALTHCHECK_PARAMS),'CRP_TEST','it222tvw.omnitel.it','T\HealthCheckResult_2020-12-18-20-04-59.csv','\\it222tvw.omnitel.it\ACC\ACC_OUTPUT\','n','SMTP Connectivity failed, please check the configurations');,Execute Non-Query
16:23:25,Info,Executing Second Query ,Main
16:23:27,Info,Moved \\it222tvw.omnitel.it\ACC\ACC_OUTPUT\HealthCheckResult_2020-12-18-20-04-59.csv to Processed files,Main
16:23:27,Info,Processing File - \\it222tvw.omnitel.it\ACC\ACC_OUTPUT\HealthCheckResult_2020-12-18-22-04-59.csv,Main
16:23:28,Info,Daily_Monitoring incorrect value,VerifyData
16:23:28,Info,Database_Monitoring incorrect value,VerifyData
16:23:29,Info,URL_Monitoring incorrect value,VerifyData
16:23:29,Info,Memory_Monitoring incorrect value,VerifyData
16:23:29,Exception,Issue in sending mail for Incorrect ParametersObject reference not set to an instance of an object.,Main
16:23:29,Info,Connected to database ACCDB,Execute Non-Query
16:23:29,Info,Executed Query INSERT INTO TBL_HEALTHCHECK_PARAMS  (APPLICATION_MONITORING,BACKUP_MONITORING,BATCH_JOBS_MONITORING,DAILY_MONITORING,DATABASE_MONITORING,HEALTH_MONITORING,JOB_MONITORING,LOG_MONITORING,MESSAGE_MONITORING,PROCESS_MONITORING,QUEUE_MONITORING,SCHEDULER_MONITORING,SPACE_MONITORING,SYSTEM_MONITORING,TICKET_MONITORING,URL_MONITORING,WORKFLOW_MONITORING,FTP_MONITORING,CPU_MONITORING,MEMORY_MONITORING,SPACE_UTILIZATION_MONITORING) VALUES ('Y','X','X','N','N','X','X','Y','X','Y','X','X','Y','@{CPU Usage (%)=2.25}','X','N','X','X','1 %','1886176','68.99');,Execute Non-Query
16:23:29,Info,First Query Executed ,Main
16:23:29,Info,Connected to database ACCDB,Execute Non-Query
16:23:29,Info,Executed Query INSERT INTO TBL_HEALTHCHECK (PARAM_ID,APPLICATION,SERVER,OUTPUT_FILENAME,OUTPUT_FILEPATH,STATUS,ERROR_DATA)VALUES ((SELECT MAX(ID) from TBL_HEALTHCHECK_PARAMS),'CRP_TEST','it222tvw.omnitel.it','T\HealthCheckResult_2020-12-18-22-04-59.csv','\\it222tvw.omnitel.it\ACC\ACC_OUTPUT\','n','SMTP Connectivity failed, please check the configurations');,Execute Non-Query
16:23:29,Info,Executing Second Query ,Main
16:23:31,Info,Moved \\it222tvw.omnitel.it\ACC\ACC_OUTPUT\HealthCheckResult_2020-12-18-22-04-59.csv to Processed files,Main
16:23:32,Info,Processing File - \\it222tvw.omnitel.it\ACC\ACC_OUTPUT\HealthCheckResult_2020-12-19-00-04-59.csv,Main
16:23:33,Info,Daily_Monitoring incorrect value,VerifyData
16:23:33,Info,Database_Monitoring incorrect value,VerifyData
16:23:33,Info,URL_Monitoring incorrect value,VerifyData
16:23:33,Info,Memory_Monitoring incorrect value,VerifyData
16:23:33,Exception,Issue in sending mail for Incorrect ParametersObject reference not set to an instance of an object.,Main
16:23:33,Info,Connected to database ACCDB,Execute Non-Query
16:23:33,Info,Executed Query INSERT INTO TBL_HEALTHCHECK_PARAMS  (APPLICATION_MONITORING,BACKUP_MONITORING,BATCH_JOBS_MONITORING,DAILY_MONITORING,DATABASE_MONITORING,HEALTH_MONITORING,JOB_MONITORING,LOG_MONITORING,MESSAGE_MONITORING,PROCESS_MONITORING,QUEUE_MONITORING,SCHEDULER_MONITORING,SPACE_MONITORING,SYSTEM_MONITORING,TICKET_MONITORING,URL_MONITORING,WORKFLOW_MONITORING,FTP_MONITORING,CPU_MONITORING,MEMORY_MONITORING,SPACE_UTILIZATION_MONITORING) VALUES ('Y','X','X','N','N','X','X','Y','X','Y','X','X','Y','@{CPU Usage (%)=6}','X','N','X','X','1.25 %','1842316','68.99');,Execute Non-Query
16:23:33,Info,First Query Executed ,Main
16:23:33,Info,Connected to database ACCDB,Execute Non-Query
16:23:33,Info,Executed Query INSERT INTO TBL_HEALTHCHECK (PARAM_ID,APPLICATION,SERVER,OUTPUT_FILENAME,OUTPUT_FILEPATH,STATUS,ERROR_DATA)VALUES ((SELECT MAX(ID) from TBL_HEALTHCHECK_PARAMS),'CRP_TEST','it222tvw.omnitel.it','T\HealthCheckResult_2020-12-19-00-04-59.csv','\\it222tvw.omnitel.it\ACC\ACC_OUTPUT\','n','SMTP Connectivity failed, please check the configurations');,Execute Non-Query
16:23:33,Info,Executing Second Query ,Main
16:23:35,Info,Moved \\it222tvw.omnitel.it\ACC\ACC_OUTPUT\HealthCheckResult_2020-12-19-00-04-59.csv to Processed files,Main
16:23:36,Info,Processing File - \\it222tvw.omnitel.it\ACC\ACC_OUTPUT\HealthCheckResult_2020-12-19-02-04-59.csv,Main
16:23:37,Info,Daily_Monitoring incorrect value,VerifyData
16:23:37,Info,Database_Monitoring incorrect value,VerifyData
16:23:37,Info,URL_Monitoring incorrect value,VerifyData
16:23:37,Info,Memory_Monitoring incorrect value,VerifyData
16:23:37,Exception,Issue in sending mail for Incorrect ParametersObject reference not set to an instance of an object.,Main
16:23:37,Info,Connected to database ACCDB,Execute Non-Query
16:23:37,Info,Executed Query INSERT INTO TBL_HEALTHCHECK_PARAMS  (APPLICATION_MONITORING,BACKUP_MONITORING,BATCH_JOBS_MONITORING,DAILY_MONITORING,DATABASE_MONITORING,HEALTH_MONITORING,JOB_MONITORING,LOG_MONITORING,MESSAGE_MONITORING,PROCESS_MONITORING,QUEUE_MONITORING,SCHEDULER_MONITORING,SPACE_MONITORING,SYSTEM_MONITORING,TICKET_MONITORING,URL_MONITORING,WORKFLOW_MONITORING,FTP_MONITORING,CPU_MONITORING,MEMORY_MONITORING,SPACE_UTILIZATION_MONITORING) VALUES ('Y','X','X','N','N','X','X','Y','X','Y','X','X','Y','@{CPU Usage (%)=2}','X','N','X','X','1.5 %','1860652','68.98');,Execute Non-Query
16:23:37,Info,First Query Executed ,Main
16:23:37,Info,Connected to database ACCDB,Execute Non-Query
16:23:37,Info,Executed Query INSERT INTO TBL_HEALTHCHECK (PARAM_ID,APPLICATION,SERVER,OUTPUT_FILENAME,OUTPUT_FILEPATH,STATUS,ERROR_DATA)VALUES ((SELECT MAX(ID) from TBL_HEALTHCHECK_PARAMS),'CRP_TEST','it222tvw.omnitel.it','T\HealthCheckResult_2020-12-19-02-04-59.csv','\\it222tvw.omnitel.it\ACC\ACC_OUTPUT\','n','SMTP Connectivity failed, please check the configurations');,Execute Non-Query
16:23:37,Info,Executing Second Query ,Main
16:23:40,Info,Moved \\it222tvw.omnitel.it\ACC\ACC_OUTPUT\HealthCheckResult_2020-12-19-02-04-59.csv to Processed files,Main
16:23:40,Info,Processing File - \\it222tvw.omnitel.it\ACC\ACC_OUTPUT\HealthCheckResult_2020-12-19-04-04-59.csv,Main
16:23:41,Info,Daily_Monitoring incorrect value,VerifyData
16:23:41,Info,Database_Monitoring incorrect value,VerifyData
16:23:41,Info,URL_Monitoring incorrect value,VerifyData
16:23:41,Info,Memory_Monitoring incorrect value,VerifyData
16:23:41,Exception,Issue in sending mail for Incorrect ParametersObject reference not set to an instance of an object.,Main
16:23:41,Info,Connected to database ACCDB,Execute Non-Query
16:23:41,Info,Executed Query INSERT INTO TBL_HEALTHCHECK_PARAMS  (APPLICATION_MONITORING,BACKUP_MONITORING,BATCH_JOBS_MONITORING,DAILY_MONITORING,DATABASE_MONITORING,HEALTH_MONITORING,JOB_MONITORING,LOG_MONITORING,MESSAGE_MONITORING,PROCESS_MONITORING,QUEUE_MONITORING,SCHEDULER_MONITORING,SPACE_MONITORING,SYSTEM_MONITORING,TICKET_MONITORING,URL_MONITORING,WORKFLOW_MONITORING,FTP_MONITORING,CPU_MONITORING,MEMORY_MONITORING,SPACE_UTILIZATION_MONITORING) VALUES ('Y','X','X','N','N','X','X','Y','X','Y','X','X','Y','@{CPU Usage (%)=9.25}','X','N','X','X','0.75 %','1858380','68.97');,Execute Non-Query
16:23:41,Info,First Query Executed ,Main
16:23:41,Info,Connected to database ACCDB,Execute Non-Query
16:23:42,Info,Executed Query INSERT INTO TBL_HEALTHCHECK (PARAM_ID,APPLICATION,SERVER,OUTPUT_FILENAME,OUTPUT_FILEPATH,STATUS,ERROR_DATA)VALUES ((SELECT MAX(ID) from TBL_HEALTHCHECK_PARAMS),'CRP_TEST','it222tvw.omnitel.it','T\HealthCheckResult_2020-12-19-04-04-59.csv','\\it222tvw.omnitel.it\ACC\ACC_OUTPUT\','n','SMTP Connectivity failed, please check the configurations');,Execute Non-Query
16:23:42,Info,Executing Second Query ,Main
16:23:43,Info,Moved \\it222tvw.omnitel.it\ACC\ACC_OUTPUT\HealthCheckResult_2020-12-19-04-04-59.csv to Processed files,Main
16:23:43,Info,Processing File - \\it222tvw.omnitel.it\ACC\ACC_OUTPUT\HealthCheckResult_2020-12-19-06-04-59.csv,Main
16:23:44,Info,Daily_Monitoring incorrect value,VerifyData
16:23:45,Info,Database_Monitoring incorrect value,VerifyData
16:23:45,Info,URL_Monitoring incorrect value,VerifyData
16:23:45,Info,Memory_Monitoring incorrect value,VerifyData
16:23:45,Exception,Issue in sending mail for Incorrect ParametersObject reference not set to an instance of an object.,Main
16:23:45,Info,Connected to database ACCDB,Execute Non-Query
16:23:45,Info,Executed Query INSERT INTO TBL_HEALTHCHECK_PARAMS  (APPLICATION_MONITORING,BACKUP_MONITORING,BATCH_JOBS_MONITORING,DAILY_MONITORING,DATABASE_MONITORING,HEALTH_MONITORING,JOB_MONITORING,LOG_MONITORING,MESSAGE_MONITORING,PROCESS_MONITORING,QUEUE_MONITORING,SCHEDULER_MONITORING,SPACE_MONITORING,SYSTEM_MONITORING,TICKET_MONITORING,URL_MONITORING,WORKFLOW_MONITORING,FTP_MONITORING,CPU_MONITORING,MEMORY_MONITORING,SPACE_UTILIZATION_MONITORING) VALUES ('Y','X','X','N','N','X','X','Y','X','Y','X','X','Y','@{CPU Usage (%)=2.75}','X','N','X','X','2.25 %','1862164','68.97');,Execute Non-Query
16:23:45,Info,First Query Executed ,Main
16:23:45,Info,Connected to database ACCDB,Execute Non-Query
16:23:45,Info,Executed Query INSERT INTO TBL_HEALTHCHECK (PARAM_ID,APPLICATION,SERVER,OUTPUT_FILENAME,OUTPUT_FILEPATH,STATUS,ERROR_DATA)VALUES ((SELECT MAX(ID) from TBL_HEALTHCHECK_PARAMS),'CRP_TEST','it222tvw.omnitel.it','T\HealthCheckResult_2020-12-19-06-04-59.csv','\\it222tvw.omnitel.it\ACC\ACC_OUTPUT\','n','SMTP Connectivity failed, please check the configurations');,Execute Non-Query
16:23:45,Info,Executing Second Query ,Main