﻿Time,Log Level, Log Message, Source
17:23:39,Info,Initializing all applications,Initialize
17:23:40,Info,Connected to database ACCDB,Execute Query
17:23:41,Info,Executed Query SELECT * FROM TBL_APPLICATIONS,Execute Query
17:23:41,Info,Got server list from database ,Main
17:24:00,Info,Maapping drive Successful,MapDrive
17:24:00,Info,it207rvw.omnitel.it mapped successfully,Main
17:24:01,Info,1 files found for processing,Main
17:24:01,Info,Processing File - \\it207rvw.omnitel.it\ACC\ACC_OUTPUT\HealthCheckResult_2020-12-22-12-20-47.csv,Main
17:24:02,Info,Daily_Monitoring incorrect value,VerifyData
17:24:03,Info,URL_Monitoring incorrect value,VerifyData
17:24:03,Exception,Issue in sending mail for Incorrect ParametersObject reference not set to an instance of an object.,Main
17:24:03,Info,Connected to database ACCDB,Execute Non-Query
17:24:04,Info,Executed Query INSERT INTO TBL_HEALTHCHECK_PARAMS  (APPLICATION_MONITORING,BACKUP_MONITORING,BATCH_JOBS_MONITORING,DAILY_MONITORING,DATABASE_MONITORING,HEALTH_MONITORING,JOB_MONITORING,LOG_MONITORING,MESSAGE_MONITORING,PROCESS_MONITORING,QUEUE_MONITORING,SCHEDULER_MONITORING,SPACE_MONITORING,SYSTEM_MONITORING,TICKET_MONITORING,URL_MONITORING,WORKFLOW_MONITORING,FTP_MONITORING,CPU_MONITORING,MEMORY_MONITORING,SPACE_UTILIZATION_MONITORING) VALUES ('Y','X','X','N','Y','Y','X','Y','X','Y','X','X','Y','Y','X','N','X','X','1.00','59.3','69.84');,Execute Non-Query
17:24:04,Info,First Query Executed ,Main
17:24:04,Info,Connected to database ACCDB,Execute Non-Query
17:24:04,Info,Executed Query INSERT INTO TBL_HEALTHCHECK (PARAM_ID,APPLICATION,SERVER,OUTPUT_FILENAME,OUTPUT_FILEPATH,STATUS,ERROR_DATA)VALUES ((SELECT MAX(ID) from TBL_HEALTHCHECK_PARAMS),'CRP_PRE_COMM','it207rvw.omnitel.it','T\HealthCheckResult_2020-12-22-12-20-47.csv','\\it207rvw.omnitel.it\ACC\ACC_OUTPUT\','n','SMTP Connectivity failed, please check the configurations');,Execute Non-Query
17:24:04,Info,Executing Second Query ,Main