﻿Time,Log Level, Log Message, Source
13:18:56,Info,Initializing all applications,Initialize
13:18:57,Info,Connected to database ACCDB,Execute Query
13:18:58,Info,Executed Query SELECT * FROM TBL_APPLICATIONS,Execute Query
13:18:58,Info,Got server list from database ,Main
13:19:18,Info,Maapping drive Successful,MapDrive
13:19:18,Info,it207rvw.omnitel.it mapped successfully,Main
13:19:19,Info,10 files found for processing,Main
13:19:19,Info,Processing File - \\it207rvw.omnitel.it\ACC\ACC_OUTPUT\HealthCheckResult_2020-12-22-14-20-47.csv,Main
13:19:21,Info,Daily_Monitoring incorrect value,VerifyData
13:19:21,Info,URL_Monitoring incorrect value,VerifyData
13:19:22,Exception,Issue in sending mail for Incorrect ParametersObject reference not set to an instance of an object.,Main
13:19:22,Info,Connected to database ACCDB,Execute Non-Query
13:19:22,Info,Executed Query INSERT INTO TBL_HEALTHCHECK_PARAMS  (APPLICATION_MONITORING,BACKUP_MONITORING,BATCH_JOBS_MONITORING,DAILY_MONITORING,DATABASE_MONITORING,HEALTH_MONITORING,JOB_MONITORING,LOG_MONITORING,MESSAGE_MONITORING,PROCESS_MONITORING,QUEUE_MONITORING,SCHEDULER_MONITORING,SPACE_MONITORING,SYSTEM_MONITORING,TICKET_MONITORING,URL_MONITORING,WORKFLOW_MONITORING,FTP_MONITORING,CPU_MONITORING,MEMORY_MONITORING,SPACE_UTILIZATION_MONITORING) VALUES ('Y','X','X','N','Y','Y','X','Y','X','Y','X','X','Y','Y','X','N','X','X','0.75','59.2','69.84');,Execute Non-Query
13:19:22,Info,First Query Executed ,Main
13:19:22,Info,Connected to database ACCDB,Execute Non-Query
13:19:23,Info,Executed Query INSERT INTO TBL_HEALTHCHECK (PARAM_ID,APPLICATION,SERVER,OUTPUT_FILENAME,OUTPUT_FILEPATH,STATUS,ERROR_DATA)VALUES ((SELECT MAX(ID) from TBL_HEALTHCHECK_PARAMS),'CRP_PRE_COMM','it207rvw.omnitel.it','T\HealthCheckResult_2020-12-22-14-20-47.csv','\\it207rvw.omnitel.it\ACC\ACC_OUTPUT\','n','SMTP Connectivity failed, please check the configurations');,Execute Non-Query
13:19:23,Info,Executing Second Query ,Main
13:19:25,Info,Moved \\it207rvw.omnitel.it\ACC\ACC_OUTPUT\HealthCheckResult_2020-12-22-14-20-47.csv to Processed files,Main
13:19:25,Info,Processing File - \\it207rvw.omnitel.it\ACC\ACC_OUTPUT\HealthCheckResult_2020-12-22-16-20-47.csv,Main
13:19:26,Info,Daily_Monitoring incorrect value,VerifyData
13:19:26,Info,URL_Monitoring incorrect value,VerifyData
13:19:26,Exception,Issue in sending mail for Incorrect ParametersObject reference not set to an instance of an object.,Main
13:19:27,Info,Connected to database ACCDB,Execute Non-Query
13:19:27,Info,Executed Query INSERT INTO TBL_HEALTHCHECK_PARAMS  (APPLICATION_MONITORING,BACKUP_MONITORING,BATCH_JOBS_MONITORING,DAILY_MONITORING,DATABASE_MONITORING,HEALTH_MONITORING,JOB_MONITORING,LOG_MONITORING,MESSAGE_MONITORING,PROCESS_MONITORING,QUEUE_MONITORING,SCHEDULER_MONITORING,SPACE_MONITORING,SYSTEM_MONITORING,TICKET_MONITORING,URL_MONITORING,WORKFLOW_MONITORING,FTP_MONITORING,CPU_MONITORING,MEMORY_MONITORING,SPACE_UTILIZATION_MONITORING) VALUES ('Y','X','X','N','Y','Y','X','Y','X','Y','X','X','Y','Y','X','N','X','X','0.75','59.2','69.85');,Execute Non-Query
13:19:27,Info,First Query Executed ,Main
13:19:27,Info,Connected to database ACCDB,Execute Non-Query
13:19:27,Info,Executed Query INSERT INTO TBL_HEALTHCHECK (PARAM_ID,APPLICATION,SERVER,OUTPUT_FILENAME,OUTPUT_FILEPATH,STATUS,ERROR_DATA)VALUES ((SELECT MAX(ID) from TBL_HEALTHCHECK_PARAMS),'CRP_PRE_COMM','it207rvw.omnitel.it','T\HealthCheckResult_2020-12-22-16-20-47.csv','\\it207rvw.omnitel.it\ACC\ACC_OUTPUT\','n','SMTP Connectivity failed, please check the configurations');,Execute Non-Query
13:19:28,Info,Executing Second Query ,Main
13:19:30,Info,Moved \\it207rvw.omnitel.it\ACC\ACC_OUTPUT\HealthCheckResult_2020-12-22-16-20-47.csv to Processed files,Main
13:19:30,Info,Processing File - \\it207rvw.omnitel.it\ACC\ACC_OUTPUT\HealthCheckResult_2020-12-22-18-20-46.csv,Main
13:19:31,Info,Daily_Monitoring incorrect value,VerifyData
13:19:31,Info,URL_Monitoring incorrect value,VerifyData
13:19:31,Exception,Issue in sending mail for Incorrect ParametersObject reference not set to an instance of an object.,Main
13:19:32,Info,Connected to database ACCDB,Execute Non-Query
13:19:32,Info,Executed Query INSERT INTO TBL_HEALTHCHECK_PARAMS  (APPLICATION_MONITORING,BACKUP_MONITORING,BATCH_JOBS_MONITORING,DAILY_MONITORING,DATABASE_MONITORING,HEALTH_MONITORING,JOB_MONITORING,LOG_MONITORING,MESSAGE_MONITORING,PROCESS_MONITORING,QUEUE_MONITORING,SCHEDULER_MONITORING,SPACE_MONITORING,SYSTEM_MONITORING,TICKET_MONITORING,URL_MONITORING,WORKFLOW_MONITORING,FTP_MONITORING,CPU_MONITORING,MEMORY_MONITORING,SPACE_UTILIZATION_MONITORING) VALUES ('Y','X','X','N','Y','Y','X','Y','X','Y','X','X','Y','Y','X','N','X','X','1.00','59.3','69.85');,Execute Non-Query
13:19:32,Info,First Query Executed ,Main
13:19:32,Info,Connected to database ACCDB,Execute Non-Query
13:19:32,Info,Executed Query INSERT INTO TBL_HEALTHCHECK (PARAM_ID,APPLICATION,SERVER,OUTPUT_FILENAME,OUTPUT_FILEPATH,STATUS,ERROR_DATA)VALUES ((SELECT MAX(ID) from TBL_HEALTHCHECK_PARAMS),'CRP_PRE_COMM','it207rvw.omnitel.it','T\HealthCheckResult_2020-12-22-18-20-46.csv','\\it207rvw.omnitel.it\ACC\ACC_OUTPUT\','n','SMTP Connectivity failed, please check the configurations');,Execute Non-Query
13:19:33,Info,Executing Second Query ,Main
13:19:35,Info,Moved \\it207rvw.omnitel.it\ACC\ACC_OUTPUT\HealthCheckResult_2020-12-22-18-20-46.csv to Processed files,Main
13:19:35,Info,Processing File - \\it207rvw.omnitel.it\ACC\ACC_OUTPUT\HealthCheckResult_2020-12-22-20-20-46.csv,Main
13:19:36,Info,Daily_Monitoring incorrect value,VerifyData
13:19:36,Info,URL_Monitoring incorrect value,VerifyData
13:19:36,Exception,Issue in sending mail for Incorrect ParametersObject reference not set to an instance of an object.,Main
13:19:37,Info,Connected to database ACCDB,Execute Non-Query
13:19:37,Info,Executed Query INSERT INTO TBL_HEALTHCHECK_PARAMS  (APPLICATION_MONITORING,BACKUP_MONITORING,BATCH_JOBS_MONITORING,DAILY_MONITORING,DATABASE_MONITORING,HEALTH_MONITORING,JOB_MONITORING,LOG_MONITORING,MESSAGE_MONITORING,PROCESS_MONITORING,QUEUE_MONITORING,SCHEDULER_MONITORING,SPACE_MONITORING,SYSTEM_MONITORING,TICKET_MONITORING,URL_MONITORING,WORKFLOW_MONITORING,FTP_MONITORING,CPU_MONITORING,MEMORY_MONITORING,SPACE_UTILIZATION_MONITORING) VALUES ('Y','X','X','N','Y','Y','X','Y','X','Y','X','X','Y','Y','X','N','X','X','0.50','59.2','69.84');,Execute Non-Query
13:19:37,Info,First Query Executed ,Main
13:19:37,Info,Connected to database ACCDB,Execute Non-Query
13:19:37,Info,Executed Query INSERT INTO TBL_HEALTHCHECK (PARAM_ID,APPLICATION,SERVER,OUTPUT_FILENAME,OUTPUT_FILEPATH,STATUS,ERROR_DATA)VALUES ((SELECT MAX(ID) from TBL_HEALTHCHECK_PARAMS),'CRP_PRE_COMM','it207rvw.omnitel.it','T\HealthCheckResult_2020-12-22-20-20-46.csv','\\it207rvw.omnitel.it\ACC\ACC_OUTPUT\','n','SMTP Connectivity failed, please check the configurations');,Execute Non-Query
13:19:38,Info,Executing Second Query ,Main
13:19:40,Info,Moved \\it207rvw.omnitel.it\ACC\ACC_OUTPUT\HealthCheckResult_2020-12-22-20-20-46.csv to Processed files,Main
13:19:40,Info,Processing File - \\it207rvw.omnitel.it\ACC\ACC_OUTPUT\HealthCheckResult_2020-12-22-22-20-47.csv,Main
13:19:41,Info,Daily_Monitoring incorrect value,VerifyData
13:19:41,Info,URL_Monitoring incorrect value,VerifyData
13:19:41,Exception,Issue in sending mail for Incorrect ParametersObject reference not set to an instance of an object.,Main
13:19:41,Info,Connected to database ACCDB,Execute Non-Query
13:19:42,Info,Executed Query INSERT INTO TBL_HEALTHCHECK_PARAMS  (APPLICATION_MONITORING,BACKUP_MONITORING,BATCH_JOBS_MONITORING,DAILY_MONITORING,DATABASE_MONITORING,HEALTH_MONITORING,JOB_MONITORING,LOG_MONITORING,MESSAGE_MONITORING,PROCESS_MONITORING,QUEUE_MONITORING,SCHEDULER_MONITORING,SPACE_MONITORING,SYSTEM_MONITORING,TICKET_MONITORING,URL_MONITORING,WORKFLOW_MONITORING,FTP_MONITORING,CPU_MONITORING,MEMORY_MONITORING,SPACE_UTILIZATION_MONITORING) VALUES ('Y','X','X','N','Y','Y','X','Y','X','Y','X','X','Y','Y','X','N','X','X','1.50','59.2','69.84');,Execute Non-Query
13:19:42,Info,First Query Executed ,Main
13:19:42,Info,Connected to database ACCDB,Execute Non-Query
13:19:42,Info,Executed Query INSERT INTO TBL_HEALTHCHECK (PARAM_ID,APPLICATION,SERVER,OUTPUT_FILENAME,OUTPUT_FILEPATH,STATUS,ERROR_DATA)VALUES ((SELECT MAX(ID) from TBL_HEALTHCHECK_PARAMS),'CRP_PRE_COMM','it207rvw.omnitel.it','T\HealthCheckResult_2020-12-22-22-20-47.csv','\\it207rvw.omnitel.it\ACC\ACC_OUTPUT\','n','SMTP Connectivity failed, please check the configurations');,Execute Non-Query
13:19:42,Info,Executing Second Query ,Main
13:19:45,Info,Moved \\it207rvw.omnitel.it\ACC\ACC_OUTPUT\HealthCheckResult_2020-12-22-22-20-47.csv to Processed files,Main
13:19:45,Info,Processing File - \\it207rvw.omnitel.it\ACC\ACC_OUTPUT\HealthCheckResult_2020-12-23-00-20-46.csv,Main
13:19:46,Info,Daily_Monitoring incorrect value,VerifyData
13:19:46,Info,URL_Monitoring incorrect value,VerifyData
13:19:46,Exception,Issue in sending mail for Incorrect ParametersObject reference not set to an instance of an object.,Main
13:19:46,Info,Connected to database ACCDB,Execute Non-Query
13:19:47,Info,Executed Query INSERT INTO TBL_HEALTHCHECK_PARAMS  (APPLICATION_MONITORING,BACKUP_MONITORING,BATCH_JOBS_MONITORING,DAILY_MONITORING,DATABASE_MONITORING,HEALTH_MONITORING,JOB_MONITORING,LOG_MONITORING,MESSAGE_MONITORING,PROCESS_MONITORING,QUEUE_MONITORING,SCHEDULER_MONITORING,SPACE_MONITORING,SYSTEM_MONITORING,TICKET_MONITORING,URL_MONITORING,WORKFLOW_MONITORING,FTP_MONITORING,CPU_MONITORING,MEMORY_MONITORING,SPACE_UTILIZATION_MONITORING) VALUES ('Y','X','X','N','Y','Y','X','Y','X','Y','X','X','Y','Y','X','N','X','X','0.75','59.2','69.84');,Execute Non-Query
13:19:47,Info,First Query Executed ,Main
13:19:47,Info,Connected to database ACCDB,Execute Non-Query
13:19:47,Info,Executed Query INSERT INTO TBL_HEALTHCHECK (PARAM_ID,APPLICATION,SERVER,OUTPUT_FILENAME,OUTPUT_FILEPATH,STATUS,ERROR_DATA)VALUES ((SELECT MAX(ID) from TBL_HEALTHCHECK_PARAMS),'CRP_PRE_COMM','it207rvw.omnitel.it','T\HealthCheckResult_2020-12-23-00-20-46.csv','\\it207rvw.omnitel.it\ACC\ACC_OUTPUT\','n','SMTP Connectivity failed, please check the configurations');,Execute Non-Query
13:19:47,Info,Executing Second Query ,Main
13:19:50,Info,Moved \\it207rvw.omnitel.it\ACC\ACC_OUTPUT\HealthCheckResult_2020-12-23-00-20-46.csv to Processed files,Main
13:19:50,Info,Processing File - \\it207rvw.omnitel.it\ACC\ACC_OUTPUT\HealthCheckResult_2020-12-23-02-20-47.csv,Main
13:19:51,Info,Daily_Monitoring incorrect value,VerifyData
13:19:51,Info,URL_Monitoring incorrect value,VerifyData
13:19:51,Exception,Issue in sending mail for Incorrect ParametersObject reference not set to an instance of an object.,Main
13:19:51,Info,Connected to database ACCDB,Execute Non-Query
13:19:51,Info,Executed Query INSERT INTO TBL_HEALTHCHECK_PARAMS  (APPLICATION_MONITORING,BACKUP_MONITORING,BATCH_JOBS_MONITORING,DAILY_MONITORING,DATABASE_MONITORING,HEALTH_MONITORING,JOB_MONITORING,LOG_MONITORING,MESSAGE_MONITORING,PROCESS_MONITORING,QUEUE_MONITORING,SCHEDULER_MONITORING,SPACE_MONITORING,SYSTEM_MONITORING,TICKET_MONITORING,URL_MONITORING,WORKFLOW_MONITORING,FTP_MONITORING,CPU_MONITORING,MEMORY_MONITORING,SPACE_UTILIZATION_MONITORING) VALUES ('Y','X','X','N','Y','Y','X','Y','X','Y','X','X','Y','Y','X','N','X','X','0.75','59.2','69.84');,Execute Non-Query
13:19:51,Info,First Query Executed ,Main
13:19:52,Info,Connected to database ACCDB,Execute Non-Query
13:19:52,Info,Executed Query INSERT INTO TBL_HEALTHCHECK (PARAM_ID,APPLICATION,SERVER,OUTPUT_FILENAME,OUTPUT_FILEPATH,STATUS,ERROR_DATA)VALUES ((SELECT MAX(ID) from TBL_HEALTHCHECK_PARAMS),'CRP_PRE_COMM','it207rvw.omnitel.it','T\HealthCheckResult_2020-12-23-02-20-47.csv','\\it207rvw.omnitel.it\ACC\ACC_OUTPUT\','n','SMTP Connectivity failed, please check the configurations');,Execute Non-Query
13:19:52,Info,Executing Second Query ,Main
13:19:54,Info,Moved \\it207rvw.omnitel.it\ACC\ACC_OUTPUT\HealthCheckResult_2020-12-23-02-20-47.csv to Processed files,Main
13:19:55,Info,Processing File - \\it207rvw.omnitel.it\ACC\ACC_OUTPUT\HealthCheckResult_2020-12-23-04-20-54.csv,Main
13:19:56,Info,Daily_Monitoring incorrect value,VerifyData
13:19:56,Info,URL_Monitoring incorrect value,VerifyData
13:19:56,Exception,Issue in sending mail for Incorrect ParametersObject reference not set to an instance of an object.,Main
13:19:56,Info,Connected to database ACCDB,Execute Non-Query
13:19:56,Info,Executed Query INSERT INTO TBL_HEALTHCHECK_PARAMS  (APPLICATION_MONITORING,BACKUP_MONITORING,BATCH_JOBS_MONITORING,DAILY_MONITORING,DATABASE_MONITORING,HEALTH_MONITORING,JOB_MONITORING,LOG_MONITORING,MESSAGE_MONITORING,PROCESS_MONITORING,QUEUE_MONITORING,SCHEDULER_MONITORING,SPACE_MONITORING,SYSTEM_MONITORING,TICKET_MONITORING,URL_MONITORING,WORKFLOW_MONITORING,FTP_MONITORING,CPU_MONITORING,MEMORY_MONITORING,SPACE_UTILIZATION_MONITORING) VALUES ('Y','X','X','N','Y','Y','X','Y','X','Y','X','X','Y','Y','X','N','X','X','1.00','59.1','69.84');,Execute Non-Query
13:19:56,Info,First Query Executed ,Main
13:19:57,Info,Connected to database ACCDB,Execute Non-Query
13:19:57,Info,Executed Query INSERT INTO TBL_HEALTHCHECK (PARAM_ID,APPLICATION,SERVER,OUTPUT_FILENAME,OUTPUT_FILEPATH,STATUS,ERROR_DATA)VALUES ((SELECT MAX(ID) from TBL_HEALTHCHECK_PARAMS),'CRP_PRE_COMM','it207rvw.omnitel.it','T\HealthCheckResult_2020-12-23-04-20-54.csv','\\it207rvw.omnitel.it\ACC\ACC_OUTPUT\','n','SMTP Connectivity failed, please check the configurations');,Execute Non-Query
13:19:57,Info,Executing Second Query ,Main
13:19:59,Info,Moved \\it207rvw.omnitel.it\ACC\ACC_OUTPUT\HealthCheckResult_2020-12-23-04-20-54.csv to Processed files,Main
13:20:00,Info,Processing File - \\it207rvw.omnitel.it\ACC\ACC_OUTPUT\HealthCheckResult_2020-12-23-06-20-48.csv,Main
13:20:00,Info,Daily_Monitoring incorrect value,VerifyData
13:20:00,Info,URL_Monitoring incorrect value,VerifyData
13:20:00,Exception,Issue in sending mail for Incorrect ParametersObject reference not set to an instance of an object.,Main
13:20:01,Info,Connected to database ACCDB,Execute Non-Query
13:20:01,Info,Executed Query INSERT INTO TBL_HEALTHCHECK_PARAMS  (APPLICATION_MONITORING,BACKUP_MONITORING,BATCH_JOBS_MONITORING,DAILY_MONITORING,DATABASE_MONITORING,HEALTH_MONITORING,JOB_MONITORING,LOG_MONITORING,MESSAGE_MONITORING,PROCESS_MONITORING,QUEUE_MONITORING,SCHEDULER_MONITORING,SPACE_MONITORING,SYSTEM_MONITORING,TICKET_MONITORING,URL_MONITORING,WORKFLOW_MONITORING,FTP_MONITORING,CPU_MONITORING,MEMORY_MONITORING,SPACE_UTILIZATION_MONITORING) VALUES ('Y','X','X','N','Y','Y','X','Y','X','Y','X','X','Y','Y','X','N','X','X','1.50','59.2','69.84');,Execute Non-Query
13:20:01,Info,First Query Executed ,Main
13:20:01,Info,Connected to database ACCDB,Execute Non-Query
13:20:02,Info,Executed Query INSERT INTO TBL_HEALTHCHECK (PARAM_ID,APPLICATION,SERVER,OUTPUT_FILENAME,OUTPUT_FILEPATH,STATUS,ERROR_DATA)VALUES ((SELECT MAX(ID) from TBL_HEALTHCHECK_PARAMS),'CRP_PRE_COMM','it207rvw.omnitel.it','T\HealthCheckResult_2020-12-23-06-20-48.csv','\\it207rvw.omnitel.it\ACC\ACC_OUTPUT\','n','SMTP Connectivity failed, please check the configurations');,Execute Non-Query
13:20:02,Info,Executing Second Query ,Main
13:20:04,Info,Moved \\it207rvw.omnitel.it\ACC\ACC_OUTPUT\HealthCheckResult_2020-12-23-06-20-48.csv to Processed files,Main
13:20:04,Info,Processing File - \\it207rvw.omnitel.it\ACC\ACC_OUTPUT\HealthCheckResult_2020-12-23-08-20-47.csv,Main
13:20:05,Info,Daily_Monitoring incorrect value,VerifyData
13:20:05,Info,URL_Monitoring incorrect value,VerifyData
13:20:05,Exception,Issue in sending mail for Incorrect ParametersObject reference not set to an instance of an object.,Main
13:20:06,Info,Connected to database ACCDB,Execute Non-Query
13:20:06,Info,Executed Query INSERT INTO TBL_HEALTHCHECK_PARAMS  (APPLICATION_MONITORING,BACKUP_MONITORING,BATCH_JOBS_MONITORING,DAILY_MONITORING,DATABASE_MONITORING,HEALTH_MONITORING,JOB_MONITORING,LOG_MONITORING,MESSAGE_MONITORING,PROCESS_MONITORING,QUEUE_MONITORING,SCHEDULER_MONITORING,SPACE_MONITORING,SYSTEM_MONITORING,TICKET_MONITORING,URL_MONITORING,WORKFLOW_MONITORING,FTP_MONITORING,CPU_MONITORING,MEMORY_MONITORING,SPACE_UTILIZATION_MONITORING) VALUES ('Y','X','X','N','Y','Y','X','Y','X','Y','X','X','Y','Y','X','N','X','X','0.25','59.1','69.84');,Execute Non-Query
13:20:06,Info,First Query Executed ,Main
13:20:06,Info,Connected to database ACCDB,Execute Non-Query
13:20:06,Info,Executed Query INSERT INTO TBL_HEALTHCHECK (PARAM_ID,APPLICATION,SERVER,OUTPUT_FILENAME,OUTPUT_FILEPATH,STATUS,ERROR_DATA)VALUES ((SELECT MAX(ID) from TBL_HEALTHCHECK_PARAMS),'CRP_PRE_COMM','it207rvw.omnitel.it','T\HealthCheckResult_2020-12-23-08-20-47.csv','\\it207rvw.omnitel.it\ACC\ACC_OUTPUT\','n','SMTP Connectivity failed, please check the configurations');,Execute Non-Query
13:20:07,Info,Executing Second Query ,Main
13:20:09,Info,Moved \\it207rvw.omnitel.it\ACC\ACC_OUTPUT\HealthCheckResult_2020-12-23-08-20-47.csv to Processed files,Main
13:20:13,Info,Unmapping already mapped drive ,MapDrive