﻿Time,Log Level, Log Message, Source
16:16:19,Info,Initializing all applications,Initialize
16:16:20,Info,Connected to database ACCDB,Execute Query
16:16:21,Info,Executed Query SELECT * FROM TBL_APPLICATIONS,Execute Query
16:16:21,Info,Got server list from database ,Main
16:16:21,Info,it207rvw.omnitel.it already mapped,Main
16:16:24,Info,847 files found for processing,Main
16:16:24,Info,Processing File - \\it207rvw.omnitel.it\ACC\ACC_OUTPUT\HealthCheckResult_2020-12-23-10-20-48.csv,Main
16:16:25,Info,Daily_Monitoring incorrect value,VerifyData
16:16:25,Info,URL_Monitoring incorrect value,VerifyData
16:16:25,Exception,Issue in sending mail for Incorrect ParametersObject reference not set to an instance of an object.,Main
16:16:25,Info,Connected to database ACCDB,Execute Non-Query
16:16:26,Info,Executed Query INSERT INTO TBL_HEALTHCHECK_PARAMS  (APPLICATION_MONITORING,BACKUP_MONITORING,BATCH_JOBS_MONITORING,DAILY_MONITORING,DATABASE_MONITORING,HEALTH_MONITORING,JOB_MONITORING,LOG_MONITORING,MESSAGE_MONITORING,PROCESS_MONITORING,QUEUE_MONITORING,SCHEDULER_MONITORING,SPACE_MONITORING,SYSTEM_MONITORING,TICKET_MONITORING,URL_MONITORING,WORKFLOW_MONITORING,FTP_MONITORING,CPU_MONITORING,MEMORY_MONITORING,SPACE_UTILIZATION_MONITORING) VALUES ('Y','X','X','N','Y','Y','X','Y','X','Y','X','X','Y','Y','X','N','X','X','0.50','59.2','69.84');,Execute Non-Query
16:16:26,Info,First Query Executed ,Main
16:16:26,Info,Connected to database ACCDB,Execute Non-Query
16:16:26,Info,Executed Query INSERT INTO TBL_HEALTHCHECK (PARAM_ID,APPLICATION,SERVER,OUTPUT_FILENAME,OUTPUT_FILEPATH,STATUS,ERROR_DATA)VALUES ((SELECT MAX(ID) from TBL_HEALTHCHECK_PARAMS),'CRP_PRE_COMM','it207rvw.omnitel.it','T\HealthCheckResult_2020-12-23-10-20-48.csv','\\it207rvw.omnitel.it\ACC\ACC_OUTPUT\','n','SMTP Connectivity failed, please check the configurations');,Execute Non-Query
16:16:26,Info,Executing Second Query ,Main
16:16:28,Info,Moved \\it207rvw.omnitel.it\ACC\ACC_OUTPUT\HealthCheckResult_2020-12-23-10-20-48.csv to Processed files,Main
16:16:28,Info,Processing File - \\it207rvw.omnitel.it\ACC\ACC_OUTPUT\HealthCheckResult_2020-12-23-12-20-47.csv,Main
16:16:28,Info,Daily_Monitoring incorrect value,VerifyData
16:16:28,Info,URL_Monitoring incorrect value,VerifyData
16:16:29,Exception,Issue in sending mail for Incorrect ParametersObject reference not set to an instance of an object.,Main
16:16:29,Info,Connected to database ACCDB,Execute Non-Query
16:16:29,Info,Executed Query INSERT INTO TBL_HEALTHCHECK_PARAMS  (APPLICATION_MONITORING,BACKUP_MONITORING,BATCH_JOBS_MONITORING,DAILY_MONITORING,DATABASE_MONITORING,HEALTH_MONITORING,JOB_MONITORING,LOG_MONITORING,MESSAGE_MONITORING,PROCESS_MONITORING,QUEUE_MONITORING,SCHEDULER_MONITORING,SPACE_MONITORING,SYSTEM_MONITORING,TICKET_MONITORING,URL_MONITORING,WORKFLOW_MONITORING,FTP_MONITORING,CPU_MONITORING,MEMORY_MONITORING,SPACE_UTILIZATION_MONITORING) VALUES ('Y','X','X','N','Y','Y','X','Y','X','Y','X','X','Y','Y','X','N','X','X','1.25','59.2','69.84');,Execute Non-Query
16:16:29,Info,First Query Executed ,Main
16:16:29,Info,Connected to database ACCDB,Execute Non-Query
16:16:29,Info,Executed Query INSERT INTO TBL_HEALTHCHECK (PARAM_ID,APPLICATION,SERVER,OUTPUT_FILENAME,OUTPUT_FILEPATH,STATUS,ERROR_DATA)VALUES ((SELECT MAX(ID) from TBL_HEALTHCHECK_PARAMS),'CRP_PRE_COMM','it207rvw.omnitel.it','T\HealthCheckResult_2020-12-23-12-20-47.csv','\\it207rvw.omnitel.it\ACC\ACC_OUTPUT\','n','SMTP Connectivity failed, please check the configurations');,Execute Non-Query
16:16:29,Info,Executing Second Query ,Main
16:16:33,Info,Moved \\it207rvw.omnitel.it\ACC\ACC_OUTPUT\HealthCheckResult_2020-12-23-12-20-47.csv to Processed files,Main
16:16:33,Info,Processing File - \\it207rvw.omnitel.it\ACC\ACC_OUTPUT\HealthCheckResult_2020-12-23-14-20-47.csv,Main
16:16:34,Info,Daily_Monitoring incorrect value,VerifyData
16:16:34,Info,URL_Monitoring incorrect value,VerifyData
16:16:34,Exception,Issue in sending mail for Incorrect ParametersObject reference not set to an instance of an object.,Main
16:16:34,Info,Connected to database ACCDB,Execute Non-Query
16:16:35,Info,Executed Query INSERT INTO TBL_HEALTHCHECK_PARAMS  (APPLICATION_MONITORING,BACKUP_MONITORING,BATCH_JOBS_MONITORING,DAILY_MONITORING,DATABASE_MONITORING,HEALTH_MONITORING,JOB_MONITORING,LOG_MONITORING,MESSAGE_MONITORING,PROCESS_MONITORING,QUEUE_MONITORING,SCHEDULER_MONITORING,SPACE_MONITORING,SYSTEM_MONITORING,TICKET_MONITORING,URL_MONITORING,WORKFLOW_MONITORING,FTP_MONITORING,CPU_MONITORING,MEMORY_MONITORING,SPACE_UTILIZATION_MONITORING) VALUES ('Y','X','X','N','Y','Y','X','Y','X','Y','X','X','Y','Y','X','N','X','X','0.75','59.2','69.84');,Execute Non-Query
16:16:35,Info,First Query Executed ,Main
16:16:35,Info,Connected to database ACCDB,Execute Non-Query
16:16:35,Info,Executed Query INSERT INTO TBL_HEALTHCHECK (PARAM_ID,APPLICATION,SERVER,OUTPUT_FILENAME,OUTPUT_FILEPATH,STATUS,ERROR_DATA)VALUES ((SELECT MAX(ID) from TBL_HEALTHCHECK_PARAMS),'CRP_PRE_COMM','it207rvw.omnitel.it','T\HealthCheckResult_2020-12-23-14-20-47.csv','\\it207rvw.omnitel.it\ACC\ACC_OUTPUT\','n','SMTP Connectivity failed, please check the configurations');,Execute Non-Query
16:16:35,Info,Executing Second Query ,Main
16:16:43,Info,Moved \\it207rvw.omnitel.it\ACC\ACC_OUTPUT\HealthCheckResult_2020-12-23-14-20-47.csv to Processed files,Main
16:16:44,Info,Processing File - \\it207rvw.omnitel.it\ACC\ACC_OUTPUT\HealthCheckResult_2020-12-23-16-20-48.csv,Main
16:16:44,Info,Daily_Monitoring incorrect value,VerifyData
16:16:44,Info,URL_Monitoring incorrect value,VerifyData
16:16:45,Exception,Issue in sending mail for Incorrect ParametersObject reference not set to an instance of an object.,Main
16:16:45,Info,Connected to database ACCDB,Execute Non-Query
16:16:45,Info,Executed Query INSERT INTO TBL_HEALTHCHECK_PARAMS  (APPLICATION_MONITORING,BACKUP_MONITORING,BATCH_JOBS_MONITORING,DAILY_MONITORING,DATABASE_MONITORING,HEALTH_MONITORING,JOB_MONITORING,LOG_MONITORING,MESSAGE_MONITORING,PROCESS_MONITORING,QUEUE_MONITORING,SCHEDULER_MONITORING,SPACE_MONITORING,SYSTEM_MONITORING,TICKET_MONITORING,URL_MONITORING,WORKFLOW_MONITORING,FTP_MONITORING,CPU_MONITORING,MEMORY_MONITORING,SPACE_UTILIZATION_MONITORING) VALUES ('Y','X','X','N','Y','Y','X','Y','X','Y','X','X','Y','Y','X','N','X','X','0.25','59.2','69.84');,Execute Non-Query
16:16:45,Info,First Query Executed ,Main
16:16:45,Info,Connected to database ACCDB,Execute Non-Query
16:16:45,Info,Executed Query INSERT INTO TBL_HEALTHCHECK (PARAM_ID,APPLICATION,SERVER,OUTPUT_FILENAME,OUTPUT_FILEPATH,STATUS,ERROR_DATA)VALUES ((SELECT MAX(ID) from TBL_HEALTHCHECK_PARAMS),'CRP_PRE_COMM','it207rvw.omnitel.it','T\HealthCheckResult_2020-12-23-16-20-48.csv','\\it207rvw.omnitel.it\ACC\ACC_OUTPUT\','n','SMTP Connectivity failed, please check the configurations');,Execute Non-Query
16:16:45,Info,Executing Second Query ,Main
16:16:50,Info,Moved \\it207rvw.omnitel.it\ACC\ACC_OUTPUT\HealthCheckResult_2020-12-23-16-20-48.csv to Processed files,Main
16:16:50,Info,Processing File - \\it207rvw.omnitel.it\ACC\ACC_OUTPUT\HealthCheckResult_2020-12-23-18-20-48.csv,Main
16:16:51,Info,Daily_Monitoring incorrect value,VerifyData
16:16:51,Info,URL_Monitoring incorrect value,VerifyData
16:16:51,Exception,Issue in sending mail for Incorrect ParametersObject reference not set to an instance of an object.,Main
16:16:51,Info,Connected to database ACCDB,Execute Non-Query
16:16:51,Info,Executed Query INSERT INTO TBL_HEALTHCHECK_PARAMS  (APPLICATION_MONITORING,BACKUP_MONITORING,BATCH_JOBS_MONITORING,DAILY_MONITORING,DATABASE_MONITORING,HEALTH_MONITORING,JOB_MONITORING,LOG_MONITORING,MESSAGE_MONITORING,PROCESS_MONITORING,QUEUE_MONITORING,SCHEDULER_MONITORING,SPACE_MONITORING,SYSTEM_MONITORING,TICKET_MONITORING,URL_MONITORING,WORKFLOW_MONITORING,FTP_MONITORING,CPU_MONITORING,MEMORY_MONITORING,SPACE_UTILIZATION_MONITORING) VALUES ('Y','X','X','N','Y','Y','X','Y','X','Y','X','X','Y','Y','X','N','X','X','0.50','59.2','69.84');,Execute Non-Query
16:16:51,Info,First Query Executed ,Main
16:16:51,Info,Connected to database ACCDB,Execute Non-Query
16:16:52,Info,Executed Query INSERT INTO TBL_HEALTHCHECK (PARAM_ID,APPLICATION,SERVER,OUTPUT_FILENAME,OUTPUT_FILEPATH,STATUS,ERROR_DATA)VALUES ((SELECT MAX(ID) from TBL_HEALTHCHECK_PARAMS),'CRP_PRE_COMM','it207rvw.omnitel.it','T\HealthCheckResult_2020-12-23-18-20-48.csv','\\it207rvw.omnitel.it\ACC\ACC_OUTPUT\','n','SMTP Connectivity failed, please check the configurations');,Execute Non-Query
16:16:52,Info,Executing Second Query ,Main
16:17:01,Info,Moved \\it207rvw.omnitel.it\ACC\ACC_OUTPUT\HealthCheckResult_2020-12-23-18-20-48.csv to Processed files,Main
16:17:02,Info,Processing File - \\it207rvw.omnitel.it\ACC\ACC_OUTPUT\HealthCheckResult_2020-12-23-20-20-48.csv,Main
16:17:06,Info,Daily_Monitoring incorrect value,VerifyData
16:17:06,Info,URL_Monitoring incorrect value,VerifyData
16:17:06,Exception,Issue in sending mail for Incorrect ParametersObject reference not set to an instance of an object.,Main
16:17:06,Info,Connected to database ACCDB,Execute Non-Query
16:17:06,Info,Executed Query INSERT INTO TBL_HEALTHCHECK_PARAMS  (APPLICATION_MONITORING,BACKUP_MONITORING,BATCH_JOBS_MONITORING,DAILY_MONITORING,DATABASE_MONITORING,HEALTH_MONITORING,JOB_MONITORING,LOG_MONITORING,MESSAGE_MONITORING,PROCESS_MONITORING,QUEUE_MONITORING,SCHEDULER_MONITORING,SPACE_MONITORING,SYSTEM_MONITORING,TICKET_MONITORING,URL_MONITORING,WORKFLOW_MONITORING,FTP_MONITORING,CPU_MONITORING,MEMORY_MONITORING,SPACE_UTILIZATION_MONITORING) VALUES ('Y','X','X','N','Y','Y','X','Y','X','Y','X','X','Y','Y','X','N','X','X','1.50','59.1','69.84');,Execute Non-Query
16:17:06,Info,First Query Executed ,Main
16:17:06,Info,Connected to database ACCDB,Execute Non-Query
16:17:07,Info,Executed Query INSERT INTO TBL_HEALTHCHECK (PARAM_ID,APPLICATION,SERVER,OUTPUT_FILENAME,OUTPUT_FILEPATH,STATUS,ERROR_DATA)VALUES ((SELECT MAX(ID) from TBL_HEALTHCHECK_PARAMS),'CRP_PRE_COMM','it207rvw.omnitel.it','T\HealthCheckResult_2020-12-23-20-20-48.csv','\\it207rvw.omnitel.it\ACC\ACC_OUTPUT\','n','SMTP Connectivity failed, please check the configurations');,Execute Non-Query
16:17:07,Info,Executing Second Query ,Main
16:17:18,Info,Moved \\it207rvw.omnitel.it\ACC\ACC_OUTPUT\HealthCheckResult_2020-12-23-20-20-48.csv to Processed files,Main
16:17:18,Info,Processing File - \\it207rvw.omnitel.it\ACC\ACC_OUTPUT\HealthCheckResult_2020-12-23-22-20-48.csv,Main
16:17:18,Info,Daily_Monitoring incorrect value,VerifyData
16:17:18,Info,URL_Monitoring incorrect value,VerifyData
16:17:19,Exception,Issue in sending mail for Incorrect ParametersObject reference not set to an instance of an object.,Main
16:17:19,Info,Connected to database ACCDB,Execute Non-Query
16:17:19,Info,Executed Query INSERT INTO TBL_HEALTHCHECK_PARAMS  (APPLICATION_MONITORING,BACKUP_MONITORING,BATCH_JOBS_MONITORING,DAILY_MONITORING,DATABASE_MONITORING,HEALTH_MONITORING,JOB_MONITORING,LOG_MONITORING,MESSAGE_MONITORING,PROCESS_MONITORING,QUEUE_MONITORING,SCHEDULER_MONITORING,SPACE_MONITORING,SYSTEM_MONITORING,TICKET_MONITORING,URL_MONITORING,WORKFLOW_MONITORING,FTP_MONITORING,CPU_MONITORING,MEMORY_MONITORING,SPACE_UTILIZATION_MONITORING) VALUES ('Y','X','X','N','Y','Y','X','Y','X','Y','X','X','Y','Y','X','N','X','X','0.75','59.2','69.84');,Execute Non-Query
16:17:19,Info,First Query Executed ,Main
16:17:19,Info,Connected to database ACCDB,Execute Non-Query
16:17:19,Info,Executed Query INSERT INTO TBL_HEALTHCHECK (PARAM_ID,APPLICATION,SERVER,OUTPUT_FILENAME,OUTPUT_FILEPATH,STATUS,ERROR_DATA)VALUES ((SELECT MAX(ID) from TBL_HEALTHCHECK_PARAMS),'CRP_PRE_COMM','it207rvw.omnitel.it','T\HealthCheckResult_2020-12-23-22-20-48.csv','\\it207rvw.omnitel.it\ACC\ACC_OUTPUT\','n','SMTP Connectivity failed, please check the configurations');,Execute Non-Query
16:17:19,Info,Executing Second Query ,Main
16:17:33,Info,Moved \\it207rvw.omnitel.it\ACC\ACC_OUTPUT\HealthCheckResult_2020-12-23-22-20-48.csv to Processed files,Main
16:17:33,Info,Processing File - \\it207rvw.omnitel.it\ACC\ACC_OUTPUT\HealthCheckResult_2020-12-24-00-20-48.csv,Main
16:17:35,Info,Daily_Monitoring incorrect value,VerifyData
16:17:35,Info,URL_Monitoring incorrect value,VerifyData
16:17:35,Exception,Issue in sending mail for Incorrect ParametersObject reference not set to an instance of an object.,Main
16:17:35,Info,Connected to database ACCDB,Execute Non-Query
16:17:35,Info,Executed Query INSERT INTO TBL_HEALTHCHECK_PARAMS  (APPLICATION_MONITORING,BACKUP_MONITORING,BATCH_JOBS_MONITORING,DAILY_MONITORING,DATABASE_MONITORING,HEALTH_MONITORING,JOB_MONITORING,LOG_MONITORING,MESSAGE_MONITORING,PROCESS_MONITORING,QUEUE_MONITORING,SCHEDULER_MONITORING,SPACE_MONITORING,SYSTEM_MONITORING,TICKET_MONITORING,URL_MONITORING,WORKFLOW_MONITORING,FTP_MONITORING,CPU_MONITORING,MEMORY_MONITORING,SPACE_UTILIZATION_MONITORING) VALUES ('Y','X','X','N','Y','Y','X','Y','X','Y','X','X','Y','Y','X','N','X','X','0.50','59.1','69.84');,Execute Non-Query
16:17:35,Info,First Query Executed ,Main
16:17:35,Info,Connected to database ACCDB,Execute Non-Query
16:17:35,Info,Executed Query INSERT INTO TBL_HEALTHCHECK (PARAM_ID,APPLICATION,SERVER,OUTPUT_FILENAME,OUTPUT_FILEPATH,STATUS,ERROR_DATA)VALUES ((SELECT MAX(ID) from TBL_HEALTHCHECK_PARAMS),'CRP_PRE_COMM','it207rvw.omnitel.it','T\HealthCheckResult_2020-12-24-00-20-48.csv','\\it207rvw.omnitel.it\ACC\ACC_OUTPUT\','n','SMTP Connectivity failed, please check the configurations');,Execute Non-Query
16:17:35,Info,Executing Second Query ,Main
16:17:42,Info,Moved \\it207rvw.omnitel.it\ACC\ACC_OUTPUT\HealthCheckResult_2020-12-24-00-20-48.csv to Processed files,Main
16:17:42,Info,Processing File - \\it207rvw.omnitel.it\ACC\ACC_OUTPUT\HealthCheckResult_2020-12-24-02-20-48.csv,Main
16:17:44,Info,Daily_Monitoring incorrect value,VerifyData
16:17:44,Info,URL_Monitoring incorrect value,VerifyData
16:17:44,Exception,Issue in sending mail for Incorrect ParametersObject reference not set to an instance of an object.,Main
16:17:44,Info,Connected to database ACCDB,Execute Non-Query
16:17:44,Info,Executed Query INSERT INTO TBL_HEALTHCHECK_PARAMS  (APPLICATION_MONITORING,BACKUP_MONITORING,BATCH_JOBS_MONITORING,DAILY_MONITORING,DATABASE_MONITORING,HEALTH_MONITORING,JOB_MONITORING,LOG_MONITORING,MESSAGE_MONITORING,PROCESS_MONITORING,QUEUE_MONITORING,SCHEDULER_MONITORING,SPACE_MONITORING,SYSTEM_MONITORING,TICKET_MONITORING,URL_MONITORING,WORKFLOW_MONITORING,FTP_MONITORING,CPU_MONITORING,MEMORY_MONITORING,SPACE_UTILIZATION_MONITORING) VALUES ('Y','X','X','N','Y','Y','X','Y','X','Y','X','X','Y','Y','X','N','X','X','1.25','59.2','69.84');,Execute Non-Query
16:17:44,Info,First Query Executed ,Main
16:17:45,Info,Connected to database ACCDB,Execute Non-Query
16:17:45,Info,Executed Query INSERT INTO TBL_HEALTHCHECK (PARAM_ID,APPLICATION,SERVER,OUTPUT_FILENAME,OUTPUT_FILEPATH,STATUS,ERROR_DATA)VALUES ((SELECT MAX(ID) from TBL_HEALTHCHECK_PARAMS),'CRP_PRE_COMM','it207rvw.omnitel.it','T\HealthCheckResult_2020-12-24-02-20-48.csv','\\it207rvw.omnitel.it\ACC\ACC_OUTPUT\','n','SMTP Connectivity failed, please check the configurations');,Execute Non-Query
16:17:45,Info,Executing Second Query ,Main
16:17:56,Info,Moved \\it207rvw.omnitel.it\ACC\ACC_OUTPUT\HealthCheckResult_2020-12-24-02-20-48.csv to Processed files,Main
16:17:56,Info,Processing File - \\it207rvw.omnitel.it\ACC\ACC_OUTPUT\HealthCheckResult_2020-12-24-04-20-55.csv,Main
16:17:57,Info,Daily_Monitoring incorrect value,VerifyData
16:17:58,Info,URL_Monitoring incorrect value,VerifyData
16:17:58,Exception,Issue in sending mail for Incorrect ParametersObject reference not set to an instance of an object.,Main
16:17:58,Info,Connected to database ACCDB,Execute Non-Query
16:17:58,Info,Executed Query INSERT INTO TBL_HEALTHCHECK_PARAMS  (APPLICATION_MONITORING,BACKUP_MONITORING,BATCH_JOBS_MONITORING,DAILY_MONITORING,DATABASE_MONITORING,HEALTH_MONITORING,JOB_MONITORING,LOG_MONITORING,MESSAGE_MONITORING,PROCESS_MONITORING,QUEUE_MONITORING,SCHEDULER_MONITORING,SPACE_MONITORING,SYSTEM_MONITORING,TICKET_MONITORING,URL_MONITORING,WORKFLOW_MONITORING,FTP_MONITORING,CPU_MONITORING,MEMORY_MONITORING,SPACE_UTILIZATION_MONITORING) VALUES ('Y','X','X','N','Y','Y','X','Y','X','Y','X','X','Y','Y','X','N','X','X','0.50','58.7','69.84');,Execute Non-Query
16:17:58,Info,First Query Executed ,Main
16:17:58,Info,Connected to database ACCDB,Execute Non-Query
16:17:58,Info,Executed Query INSERT INTO TBL_HEALTHCHECK (PARAM_ID,APPLICATION,SERVER,OUTPUT_FILENAME,OUTPUT_FILEPATH,STATUS,ERROR_DATA)VALUES ((SELECT MAX(ID) from TBL_HEALTHCHECK_PARAMS),'CRP_PRE_COMM','it207rvw.omnitel.it','T\HealthCheckResult_2020-12-24-04-20-55.csv','\\it207rvw.omnitel.it\ACC\ACC_OUTPUT\','n','SMTP Connectivity failed, please check the configurations');,Execute Non-Query
16:17:58,Info,Executing Second Query ,Main
16:18:05,Info,Moved \\it207rvw.omnitel.it\ACC\ACC_OUTPUT\HealthCheckResult_2020-12-24-04-20-55.csv to Processed files,Main
16:18:05,Info,Processing File - \\it207rvw.omnitel.it\ACC\ACC_OUTPUT\HealthCheckResult_2020-12-24-06-20-49.csv,Main
16:18:06,Info,Daily_Monitoring incorrect value,VerifyData
16:18:06,Info,URL_Monitoring incorrect value,VerifyData
16:18:06,Exception,Issue in sending mail for Incorrect ParametersObject reference not set to an instance of an object.,Main
16:18:06,Info,Connected to database ACCDB,Execute Non-Query
16:18:07,Info,Executed Query INSERT INTO TBL_HEALTHCHECK_PARAMS  (APPLICATION_MONITORING,BACKUP_MONITORING,BATCH_JOBS_MONITORING,DAILY_MONITORING,DATABASE_MONITORING,HEALTH_MONITORING,JOB_MONITORING,LOG_MONITORING,MESSAGE_MONITORING,PROCESS_MONITORING,QUEUE_MONITORING,SCHEDULER_MONITORING,SPACE_MONITORING,SYSTEM_MONITORING,TICKET_MONITORING,URL_MONITORING,WORKFLOW_MONITORING,FTP_MONITORING,CPU_MONITORING,MEMORY_MONITORING,SPACE_UTILIZATION_MONITORING) VALUES ('Y','X','X','N','Y','Y','X','Y','X','Y','X','X','Y','Y','X','N','X','X','1.25','58.6','69.84');,Execute Non-Query
16:18:07,Info,First Query Executed ,Main
16:18:07,Info,Connected to database ACCDB,Execute Non-Query
16:18:07,Info,Executed Query INSERT INTO TBL_HEALTHCHECK (PARAM_ID,APPLICATION,SERVER,OUTPUT_FILENAME,OUTPUT_FILEPATH,STATUS,ERROR_DATA)VALUES ((SELECT MAX(ID) from TBL_HEALTHCHECK_PARAMS),'CRP_PRE_COMM','it207rvw.omnitel.it','T\HealthCheckResult_2020-12-24-06-20-49.csv','\\it207rvw.omnitel.it\ACC\ACC_OUTPUT\','n','SMTP Connectivity failed, please check the configurations');,Execute Non-Query
16:18:07,Info,Executing Second Query ,Main
16:18:16,Info,Moved \\it207rvw.omnitel.it\ACC\ACC_OUTPUT\HealthCheckResult_2020-12-24-06-20-49.csv to Processed files,Main
16:18:16,Info,Processing File - \\it207rvw.omnitel.it\ACC\ACC_OUTPUT\HealthCheckResult_2020-12-24-08-20-46.csv,Main
16:18:18,Info,Daily_Monitoring incorrect value,VerifyData
16:18:18,Info,URL_Monitoring incorrect value,VerifyData
16:18:18,Exception,Issue in sending mail for Incorrect ParametersObject reference not set to an instance of an object.,Main
16:18:18,Info,Connected to database ACCDB,Execute Non-Query
16:18:18,Info,Executed Query INSERT INTO TBL_HEALTHCHECK_PARAMS  (APPLICATION_MONITORING,BACKUP_MONITORING,BATCH_JOBS_MONITORING,DAILY_MONITORING,DATABASE_MONITORING,HEALTH_MONITORING,JOB_MONITORING,LOG_MONITORING,MESSAGE_MONITORING,PROCESS_MONITORING,QUEUE_MONITORING,SCHEDULER_MONITORING,SPACE_MONITORING,SYSTEM_MONITORING,TICKET_MONITORING,URL_MONITORING,WORKFLOW_MONITORING,FTP_MONITORING,CPU_MONITORING,MEMORY_MONITORING,SPACE_UTILIZATION_MONITORING) VALUES ('Y','X','X','N','Y','Y','X','Y','X','Y','X','X','Y','Y','X','N','X','X','0.25','58.7','69.84');,Execute Non-Query
16:18:18,Info,First Query Executed ,Main
16:18:18,Info,Connected to database ACCDB,Execute Non-Query
16:18:18,Info,Executed Query INSERT INTO TBL_HEALTHCHECK (PARAM_ID,APPLICATION,SERVER,OUTPUT_FILENAME,OUTPUT_FILEPATH,STATUS,ERROR_DATA)VALUES ((SELECT MAX(ID) from TBL_HEALTHCHECK_PARAMS),'CRP_PRE_COMM','it207rvw.omnitel.it','T\HealthCheckResult_2020-12-24-08-20-46.csv','\\it207rvw.omnitel.it\ACC\ACC_OUTPUT\','n','SMTP Connectivity failed, please check the configurations');,Execute Non-Query
16:18:18,Info,Executing Second Query ,Main
16:18:28,Info,Moved \\it207rvw.omnitel.it\ACC\ACC_OUTPUT\HealthCheckResult_2020-12-24-08-20-46.csv to Processed files,Main
16:18:28,Info,Processing File - \\it207rvw.omnitel.it\ACC\ACC_OUTPUT\HealthCheckResult_2020-12-24-10-20-46.csv,Main
16:18:30,Info,Daily_Monitoring incorrect value,VerifyData
16:18:30,Info,URL_Monitoring incorrect value,VerifyData
16:18:30,Exception,Issue in sending mail for Incorrect ParametersObject reference not set to an instance of an object.,Main
16:18:30,Info,Connected to database ACCDB,Execute Non-Query
16:18:31,Info,Executed Query INSERT INTO TBL_HEALTHCHECK_PARAMS  (APPLICATION_MONITORING,BACKUP_MONITORING,BATCH_JOBS_MONITORING,DAILY_MONITORING,DATABASE_MONITORING,HEALTH_MONITORING,JOB_MONITORING,LOG_MONITORING,MESSAGE_MONITORING,PROCESS_MONITORING,QUEUE_MONITORING,SCHEDULER_MONITORING,SPACE_MONITORING,SYSTEM_MONITORING,TICKET_MONITORING,URL_MONITORING,WORKFLOW_MONITORING,FTP_MONITORING,CPU_MONITORING,MEMORY_MONITORING,SPACE_UTILIZATION_MONITORING) VALUES ('Y','X','X','N','Y','Y','X','Y','X','Y','X','X','Y','Y','X','N','X','X','1.00','58.6','69.84');,Execute Non-Query
16:18:31,Info,First Query Executed ,Main
16:18:31,Info,Connected to database ACCDB,Execute Non-Query
16:18:31,Info,Executed Query INSERT INTO TBL_HEALTHCHECK (PARAM_ID,APPLICATION,SERVER,OUTPUT_FILENAME,OUTPUT_FILEPATH,STATUS,ERROR_DATA)VALUES ((SELECT MAX(ID) from TBL_HEALTHCHECK_PARAMS),'CRP_PRE_COMM','it207rvw.omnitel.it','T\HealthCheckResult_2020-12-24-10-20-46.csv','\\it207rvw.omnitel.it\ACC\ACC_OUTPUT\','n','SMTP Connectivity failed, please check the configurations');,Execute Non-Query
16:18:31,Info,Executing Second Query ,Main
16:18:38,Info,Moved \\it207rvw.omnitel.it\ACC\ACC_OUTPUT\HealthCheckResult_2020-12-24-10-20-46.csv to Processed files,Main
16:18:38,Info,Processing File - \\it207rvw.omnitel.it\ACC\ACC_OUTPUT\HealthCheckResult_2020-12-24-12-20-47.csv,Main
16:18:38,Info,Daily_Monitoring incorrect value,VerifyData
16:18:38,Info,URL_Monitoring incorrect value,VerifyData
16:18:39,Exception,Issue in sending mail for Incorrect ParametersObject reference not set to an instance of an object.,Main
16:18:39,Info,Connected to database ACCDB,Execute Non-Query
16:18:39,Info,Executed Query INSERT INTO TBL_HEALTHCHECK_PARAMS  (APPLICATION_MONITORING,BACKUP_MONITORING,BATCH_JOBS_MONITORING,DAILY_MONITORING,DATABASE_MONITORING,HEALTH_MONITORING,JOB_MONITORING,LOG_MONITORING,MESSAGE_MONITORING,PROCESS_MONITORING,QUEUE_MONITORING,SCHEDULER_MONITORING,SPACE_MONITORING,SYSTEM_MONITORING,TICKET_MONITORING,URL_MONITORING,WORKFLOW_MONITORING,FTP_MONITORING,CPU_MONITORING,MEMORY_MONITORING,SPACE_UTILIZATION_MONITORING) VALUES ('Y','X','X','N','Y','Y','X','Y','X','Y','X','X','Y','Y','X','N','X','X','1.00','58.6','69.84');,Execute Non-Query
16:18:39,Info,First Query Executed ,Main
16:18:39,Info,Connected to database ACCDB,Execute Non-Query
16:18:39,Info,Executed Query INSERT INTO TBL_HEALTHCHECK (PARAM_ID,APPLICATION,SERVER,OUTPUT_FILENAME,OUTPUT_FILEPATH,STATUS,ERROR_DATA)VALUES ((SELECT MAX(ID) from TBL_HEALTHCHECK_PARAMS),'CRP_PRE_COMM','it207rvw.omnitel.it','T\HealthCheckResult_2020-12-24-12-20-47.csv','\\it207rvw.omnitel.it\ACC\ACC_OUTPUT\','n','SMTP Connectivity failed, please check the configurations');,Execute Non-Query
16:18:39,Info,Executing Second Query ,Main
16:18:45,Info,Moved \\it207rvw.omnitel.it\ACC\ACC_OUTPUT\HealthCheckResult_2020-12-24-12-20-47.csv to Processed files,Main
16:18:45,Info,Processing File - \\it207rvw.omnitel.it\ACC\ACC_OUTPUT\HealthCheckResult_2020-12-24-14-20-47.csv,Main
16:18:46,Info,Daily_Monitoring incorrect value,VerifyData
16:18:47,Info,URL_Monitoring incorrect value,VerifyData
16:18:47,Exception,Issue in sending mail for Incorrect ParametersObject reference not set to an instance of an object.,Main
16:18:47,Info,Connected to database ACCDB,Execute Non-Query
16:18:47,Info,Executed Query INSERT INTO TBL_HEALTHCHECK_PARAMS  (APPLICATION_MONITORING,BACKUP_MONITORING,BATCH_JOBS_MONITORING,DAILY_MONITORING,DATABASE_MONITORING,HEALTH_MONITORING,JOB_MONITORING,LOG_MONITORING,MESSAGE_MONITORING,PROCESS_MONITORING,QUEUE_MONITORING,SCHEDULER_MONITORING,SPACE_MONITORING,SYSTEM_MONITORING,TICKET_MONITORING,URL_MONITORING,WORKFLOW_MONITORING,FTP_MONITORING,CPU_MONITORING,MEMORY_MONITORING,SPACE_UTILIZATION_MONITORING) VALUES ('Y','X','X','N','Y','Y','X','Y','X','Y','X','X','Y','Y','X','N','X','X','0.75','58.6','69.84');,Execute Non-Query
16:18:47,Info,First Query Executed ,Main
16:18:47,Info,Connected to database ACCDB,Execute Non-Query
16:18:47,Info,Executed Query INSERT INTO TBL_HEALTHCHECK (PARAM_ID,APPLICATION,SERVER,OUTPUT_FILENAME,OUTPUT_FILEPATH,STATUS,ERROR_DATA)VALUES ((SELECT MAX(ID) from TBL_HEALTHCHECK_PARAMS),'CRP_PRE_COMM','it207rvw.omnitel.it','T\HealthCheckResult_2020-12-24-14-20-47.csv','\\it207rvw.omnitel.it\ACC\ACC_OUTPUT\','n','SMTP Connectivity failed, please check the configurations');,Execute Non-Query
16:18:47,Info,Executing Second Query ,Main
16:18:57,Info,Moved \\it207rvw.omnitel.it\ACC\ACC_OUTPUT\HealthCheckResult_2020-12-24-14-20-47.csv to Processed files,Main
16:18:57,Info,Processing File - \\it207rvw.omnitel.it\ACC\ACC_OUTPUT\HealthCheckResult_2020-12-24-16-20-48.csv,Main
16:18:58,Info,Daily_Monitoring incorrect value,VerifyData
16:18:58,Info,URL_Monitoring incorrect value,VerifyData
16:18:58,Exception,Issue in sending mail for Incorrect ParametersObject reference not set to an instance of an object.,Main
16:18:58,Info,Connected to database ACCDB,Execute Non-Query
16:18:58,Info,Executed Query INSERT INTO TBL_HEALTHCHECK_PARAMS  (APPLICATION_MONITORING,BACKUP_MONITORING,BATCH_JOBS_MONITORING,DAILY_MONITORING,DATABASE_MONITORING,HEALTH_MONITORING,JOB_MONITORING,LOG_MONITORING,MESSAGE_MONITORING,PROCESS_MONITORING,QUEUE_MONITORING,SCHEDULER_MONITORING,SPACE_MONITORING,SYSTEM_MONITORING,TICKET_MONITORING,URL_MONITORING,WORKFLOW_MONITORING,FTP_MONITORING,CPU_MONITORING,MEMORY_MONITORING,SPACE_UTILIZATION_MONITORING) VALUES ('Y','X','X','N','Y','Y','X','Y','X','Y','X','X','Y','Y','X','N','X','X','1.00','58.6','69.84');,Execute Non-Query
16:18:58,Info,First Query Executed ,Main
16:18:58,Info,Connected to database ACCDB,Execute Non-Query
16:18:58,Info,Executed Query INSERT INTO TBL_HEALTHCHECK (PARAM_ID,APPLICATION,SERVER,OUTPUT_FILENAME,OUTPUT_FILEPATH,STATUS,ERROR_DATA)VALUES ((SELECT MAX(ID) from TBL_HEALTHCHECK_PARAMS),'CRP_PRE_COMM','it207rvw.omnitel.it','T\HealthCheckResult_2020-12-24-16-20-48.csv','\\it207rvw.omnitel.it\ACC\ACC_OUTPUT\','n','SMTP Connectivity failed, please check the configurations');,Execute Non-Query
16:18:58,Info,Executing Second Query ,Main
16:19:00,Info,Moved \\it207rvw.omnitel.it\ACC\ACC_OUTPUT\HealthCheckResult_2020-12-24-16-20-48.csv to Processed files,Main
16:19:00,Info,Processing File - \\it207rvw.omnitel.it\ACC\ACC_OUTPUT\HealthCheckResult_2020-12-24-18-20-47.csv,Main
16:19:02,Info,Daily_Monitoring incorrect value,VerifyData
16:19:02,Info,URL_Monitoring incorrect value,VerifyData
16:19:02,Exception,Issue in sending mail for Incorrect ParametersObject reference not set to an instance of an object.,Main
16:19:02,Info,Connected to database ACCDB,Execute Non-Query
16:19:02,Info,Executed Query INSERT INTO TBL_HEALTHCHECK_PARAMS  (APPLICATION_MONITORING,BACKUP_MONITORING,BATCH_JOBS_MONITORING,DAILY_MONITORING,DATABASE_MONITORING,HEALTH_MONITORING,JOB_MONITORING,LOG_MONITORING,MESSAGE_MONITORING,PROCESS_MONITORING,QUEUE_MONITORING,SCHEDULER_MONITORING,SPACE_MONITORING,SYSTEM_MONITORING,TICKET_MONITORING,URL_MONITORING,WORKFLOW_MONITORING,FTP_MONITORING,CPU_MONITORING,MEMORY_MONITORING,SPACE_UTILIZATION_MONITORING) VALUES ('Y','X','X','N','Y','Y','X','Y','X','Y','X','X','Y','Y','X','N','X','X','1.75','58.6','69.84');,Execute Non-Query
16:19:02,Info,First Query Executed ,Main
16:19:02,Info,Connected to database ACCDB,Execute Non-Query
16:19:02,Info,Executed Query INSERT INTO TBL_HEALTHCHECK (PARAM_ID,APPLICATION,SERVER,OUTPUT_FILENAME,OUTPUT_FILEPATH,STATUS,ERROR_DATA)VALUES ((SELECT MAX(ID) from TBL_HEALTHCHECK_PARAMS),'CRP_PRE_COMM','it207rvw.omnitel.it','T\HealthCheckResult_2020-12-24-18-20-47.csv','\\it207rvw.omnitel.it\ACC\ACC_OUTPUT\','n','SMTP Connectivity failed, please check the configurations');,Execute Non-Query
16:19:02,Info,Executing Second Query ,Main
16:19:13,Info,Moved \\it207rvw.omnitel.it\ACC\ACC_OUTPUT\HealthCheckResult_2020-12-24-18-20-47.csv to Processed files,Main
16:19:13,Info,Processing File - \\it207rvw.omnitel.it\ACC\ACC_OUTPUT\HealthCheckResult_2020-12-24-20-20-47.csv,Main
16:19:14,Info,Daily_Monitoring incorrect value,VerifyData
16:19:14,Info,URL_Monitoring incorrect value,VerifyData
16:19:14,Exception,Issue in sending mail for Incorrect ParametersObject reference not set to an instance of an object.,Main
16:19:14,Info,Connected to database ACCDB,Execute Non-Query
16:19:15,Info,Executed Query INSERT INTO TBL_HEALTHCHECK_PARAMS  (APPLICATION_MONITORING,BACKUP_MONITORING,BATCH_JOBS_MONITORING,DAILY_MONITORING,DATABASE_MONITORING,HEALTH_MONITORING,JOB_MONITORING,LOG_MONITORING,MESSAGE_MONITORING,PROCESS_MONITORING,QUEUE_MONITORING,SCHEDULER_MONITORING,SPACE_MONITORING,SYSTEM_MONITORING,TICKET_MONITORING,URL_MONITORING,WORKFLOW_MONITORING,FTP_MONITORING,CPU_MONITORING,MEMORY_MONITORING,SPACE_UTILIZATION_MONITORING) VALUES ('Y','X','X','N','Y','Y','X','Y','X','Y','X','X','Y','Y','X','N','X','X','1.00','58.6','69.84');,Execute Non-Query
16:19:15,Info,First Query Executed ,Main
16:19:15,Info,Connected to database ACCDB,Execute Non-Query
16:19:15,Info,Executed Query INSERT INTO TBL_HEALTHCHECK (PARAM_ID,APPLICATION,SERVER,OUTPUT_FILENAME,OUTPUT_FILEPATH,STATUS,ERROR_DATA)VALUES ((SELECT MAX(ID) from TBL_HEALTHCHECK_PARAMS),'CRP_PRE_COMM','it207rvw.omnitel.it','T\HealthCheckResult_2020-12-24-20-20-47.csv','\\it207rvw.omnitel.it\ACC\ACC_OUTPUT\','n','SMTP Connectivity failed, please check the configurations');,Execute Non-Query
16:19:15,Info,Executing Second Query ,Main
16:19:20,Info,Moved \\it207rvw.omnitel.it\ACC\ACC_OUTPUT\HealthCheckResult_2020-12-24-20-20-47.csv to Processed files,Main
16:19:20,Info,Processing File - \\it207rvw.omnitel.it\ACC\ACC_OUTPUT\HealthCheckResult_2020-12-24-22-20-48.csv,Main
16:19:22,Info,Daily_Monitoring incorrect value,VerifyData
16:19:22,Info,URL_Monitoring incorrect value,VerifyData
16:19:22,Exception,Issue in sending mail for Incorrect ParametersObject reference not set to an instance of an object.,Main
16:19:22,Info,Connected to database ACCDB,Execute Non-Query
16:19:22,Info,Executed Query INSERT INTO TBL_HEALTHCHECK_PARAMS  (APPLICATION_MONITORING,BACKUP_MONITORING,BATCH_JOBS_MONITORING,DAILY_MONITORING,DATABASE_MONITORING,HEALTH_MONITORING,JOB_MONITORING,LOG_MONITORING,MESSAGE_MONITORING,PROCESS_MONITORING,QUEUE_MONITORING,SCHEDULER_MONITORING,SPACE_MONITORING,SYSTEM_MONITORING,TICKET_MONITORING,URL_MONITORING,WORKFLOW_MONITORING,FTP_MONITORING,CPU_MONITORING,MEMORY_MONITORING,SPACE_UTILIZATION_MONITORING) VALUES ('Y','X','X','N','Y','Y','X','Y','X','Y','X','X','Y','Y','X','N','X','X','0.50','58.6','69.84');,Execute Non-Query
16:19:22,Info,First Query Executed ,Main
16:19:22,Info,Connected to database ACCDB,Execute Non-Query
16:19:22,Info,Executed Query INSERT INTO TBL_HEALTHCHECK (PARAM_ID,APPLICATION,SERVER,OUTPUT_FILENAME,OUTPUT_FILEPATH,STATUS,ERROR_DATA)VALUES ((SELECT MAX(ID) from TBL_HEALTHCHECK_PARAMS),'CRP_PRE_COMM','it207rvw.omnitel.it','T\HealthCheckResult_2020-12-24-22-20-48.csv','\\it207rvw.omnitel.it\ACC\ACC_OUTPUT\','n','SMTP Connectivity failed, please check the configurations');,Execute Non-Query
16:19:22,Info,Executing Second Query ,Main
16:19:30,Info,Moved \\it207rvw.omnitel.it\ACC\ACC_OUTPUT\HealthCheckResult_2020-12-24-22-20-48.csv to Processed files,Main